asset,lag,buy_n,buy_mean,buy_t,sell_n,sell_mean,sell_t,spread
btcusdt,0,1445,0.009008440780532583,13.446921078782083,2020,0.0010765629646071312,1.612863702435157,0.00793187781592545
btcusdt,1,1445,0.009009146402355213,13.422823233554633,2020,0.0010731149458001082,1.6132043554800302,0.007936031456555104
btcusdt,2,1445,0.009023819881192144,13.429176177877773,2020,0.0010672578319436152,1.6086097873297067,0.00795656204924853
btcusdt,5,1445,0.008884588686516745,13.150807355962112,2020,0.0011538981782452707,1.75532537358232,0.0077306905082714745
btcusdt,10,1445,0.008649248272367764,12.59134528029138,2020,0.0009818515728668561,1.5460494772171292,0.007667396699500908
btcusdt,20,1445,0.007964343290750365,11.226743572706177,2020,0.000618647056894523,1.0292404865160798,0.007345696233855842
ethusdt,0,2631,0.009306843977109942,13.046131695203634,6079,0.0007900956400694861,1.7234158058701872,0.008516748337040456
ethusdt,1,2631,0.00923906512308432,12.939148077803669,6079,0.000805611456924069,1.7564661528685126,0.00843345366616025
ethusdt,2,2631,0.009249432745350589,12.961202323939485,6079,0.0007839537451068101,1.707732092008786,0.008465479000243779
ethusdt,5,2631,0.009212640787846166,12.936186272692943,6079,0.0007610393947946339,1.6540778006317716,0.008451601393051532
ethusdt,10,2631,0.009077665158702295,12.84425427842667,6079,0.0007976722937705547,1.7339026183126587,0.00827999286493174
ethusdt,20,2631,0.009490593553093198,13.51752408181513,6079,0.0006187776863003772,1.345998199667785,0.008871815866792821
solusdt,0,1247,0.001301737419030379,1.4412585945169456,4294,-0.003550260066019603,-5.038352925867402,0.004851997485049982
solusdt,1,1247,0.0011612040640712824,1.2847040584052754,4294,-0.003545905256881166,-5.011794065705292,0.004707109320952448
solusdt,2,1247,0.0009333382774948883,1.0330047954132047,4294,-0.0036057240062770434,-5.084975698045245,0.004539062283771931
solusdt,5,1247,0.00043301768342032045,0.47699389797906117,4294,-0.003720533886650469,-5.252875683317863,0.004153551570070789
solusdt,10,1247,0.00039837977987172474,0.44219155303368274,4294,-0.003885319474247415,-5.529582249405071,0.00428369925411914
solusdt,20,1247,0.0007322098245046814,0.8306418506971964,4294,-0.004263309729057218,-6.098257798262004,0.0049955195535619
linkusdt,0,1408,0.009705362205343702,8.690278826508623,4102,-0.003279088510498347,-4.495453766761137,0.01298445071584205
linkusdt,1,1408,0.009576558111755689,8.555620455386157,4102,-0.003260584813021199,-4.480367559589725,0.012837142924776888
linkusdt,2,1408,0.009440514878312618,8.414423561417234,4102,-0.0032311849246105897,-4.450660446893014,0.012671699802923207
linkusdt,5,1408,0.00912742899601968,8.104623331570696,4102,-0.0033591515219196853,-4.64633580883192,0.012486580517939366
linkusdt,10,1408,0.008357457342179986,7.452977109200132,4102,-0.0038436448404449877,-5.356420741589738,0.012201102182624974
linkusdt,20,1408,0.006447659365876468,5.701242912736438,4102,-0.0034451073813686474,-4.796579183410589,0.009892766747245115
suiusdt,0,875,0.018486668651482834,10.854745749344403,4100,-0.008951491442823457,-11.784740309411893,0.02743816009430629
suiusdt,1,875,0.01832882993190395,10.7316460820007,4100,-0.00905675718367885,-11.922798768017154,0.027385587115582803
suiusdt,2,875,0.018288242482183265,10.692046436137256,4100,-0.00912964348419616,-11.996913553178546,0.027417885966379424
suiusdt,5,875,0.018271599508640466,10.632925124419286,4100,-0.009247122589299418,-12.124970288471866,0.027518722097939884
suiusdt,10,875,0.018012054178772868,10.612279237904241,4100,-0.00917529638866755,-11.985361522564325,0.02718735056744042
suiusdt,20,875,0.016910876857098456,10.460534875106,4100,-0.009308652914021887,-12.070469312857236,0.026219529771120343
avaxusdt,0,1564,0.01408989549588926,13.119434820477236,5194,-0.0013873942790686605,-1.9710013588525113,0.01547728977495792
avaxusdt,1,1564,0.01401457632539207,13.095033880134704,5194,-0.0013006230524412377,-1.8442130613608645,0.015315199377833308
avaxusdt,2,1564,0.013884848980367322,13.02409149241506,5194,-0.0012033416625145071,-1.703341261296526,0.015088190642881829
avaxusdt,5,1564,0.013651725815596902,12.884765182338205,5194,-0.0008350851461720995,-1.1753706193260054,0.014486810961769002
avaxusdt,10,1564,0.013105240503406737,12.468642996879373,5194,-0.00023126168485288859,-0.322504134539158,0.013336502188259625
avaxusdt,20,1564,0.01174665431582712,10.993789143489025,5194,0.0005901781609681857,0.8070300390128046,0.011156476154858935
arbusdt,0,412,0.00644298538374844,1.4373589877021546,3529,-0.015211266370690361,-12.651864721426943,0.021654251754438802
arbusdt,1,412,0.006804647576226283,1.5181265700032265,3529,-0.015091267247983566,-12.576102025504643,0.02189591482420985
arbusdt,2,412,0.007483870434647993,1.665489022779485,3529,-0.015026629351093519,-12.55271128226992,0.02251049978574151
arbusdt,5,412,0.009729037121650866,2.1773883216259406,3529,-0.01463008838878254,-12.291687120107362,0.024359125510433406
arbusdt,10,412,0.011948045009859472,2.685643895215801,3529,-0.014006796068349463,-11.862608920031462,0.025954841078208935
arbusdt,20,412,0.015681412646457903,3.487885528454413,3529,-0.01215945533081872,-10.560687302723624,0.027840867977276623
opusdt,0,123,-0.12103173400528645,-11.676916139344305,3268,-0.02495357704424218,-18.826029101011596,-0.09607815696104427
opusdt,1,123,-0.11944651160219807,-11.612332137715487,3268,-0.024750715250418064,-18.621126358619712,-0.09469579635178
opusdt,2,123,-0.11819098831433049,-11.57745939637735,3268,-0.02455163088020599,-18.410582054419667,-0.09363935743412449
opusdt,5,123,-0.11315945152729338,-11.276866548764012,3268,-0.024144040014431264,-17.987640491286523,-0.08901541151286212
opusdt,10,123,-0.10515079130751663,-10.783761910969583,3265,-0.02314531338191321,-17.13639464041431,-0.08200547792560342
opusdt,20,123,-0.08361426324203541,-9.10110873572927,3263,-0.020989966964812406,-15.377669830442702,-0.062624296277223
injusdt,0,148,-0.039462172099415736,-4.752456360845368,1865,-0.0024194184871937255,-0.9255046935410757,-0.037042753612222014
injusdt,1,148,-0.03979526561703959,-4.801826933067673,1865,-0.002099696182834908,-0.8006419908896459,-0.037695569434204684
injusdt,2,148,-0.039653874442200095,-4.75133699002677,1865,-0.0018664637923377066,-0.7092647587572761,-0.03778741064986239
injusdt,5,148,-0.039235550505484953,-4.6331696968017155,1865,-0.0011395526993196333,-0.4297539535636986,-0.03809599780616532
injusdt,10,148,-0.04354227077364099,-5.193530535133683,1865,0.0006906323617279078,0.25896659819738277,-0.0442329031353689
injusdt,20,148,-0.043281462956676224,-5.363125635715864,1865,0.00335066091031114,1.2564207720137768,-0.04663212386698736
tiausdt,0,5,,,1384,-0.0008857304755678838,-0.4317685496142061,
tiausdt,1,5,,,1384,-0.0009070609311956473,-0.440557547214566,
tiausdt,2,5,,,1384,-0.000926832124383519,-0.45039232554947367,
tiausdt,5,5,,,1384,-0.0009164715178964036,-0.442416913900148,
tiausdt,10,5,,,1384,-0.0011962450899290016,-0.5671112392559615,
tiausdt,20,5,,,1384,-0.004978042762960228,-2.2301257233167644,
fetusdt,0,61,0.0004465837775896572,0.09068444281719665,2009,-0.02544416457160386,-10.211869440416928,0.025890748349193516
fetusdt,1,61,0.0009758411175542569,0.2168905919898647,2009,-0.02507853417105284,-10.118181845593108,0.026054375288607098
fetusdt,2,61,-0.000767121091061631,-0.16711174022905784,2009,-0.024532526164522866,-9.95097320182908,0.023765405073461237
fetusdt,5,61,-0.0024396031671713894,-0.5445794526547288,2009,-0.02314622490357786,-9.51154458855,0.02070662173640647
fetusdt,10,61,-0.002940370489802693,-0.6537091902568882,2009,-0.020596771297021005,-8.58603119261317,0.017656400807218312
fetusdt,20,61,0.01113579548317806,1.8925423563736803,2009,-0.01560828599492748,-6.609834501649186,0.02674408147810554
taousdt,0,781,-0.02207649405748369,-7.660292773840444,3985,-0.009860515399982459,-9.627096481587373,-0.012215978657501231
taousdt,1,781,-0.021880349487206432,-7.587758584726632,3985,-0.009905769456954988,-9.670841851332451,-0.011974580030251444
taousdt,2,781,-0.021770563524703326,-7.439121546928581,3985,-0.009956788778926052,-9.757965451910794,-0.011813774745777274
taousdt,5,781,-0.0212118770753625,-7.1517697100006785,3985,-0.010046958761894839,-9.882315582500855,-0.011164918313467663
taousdt,10,781,-0.018585746463784775,-7.790914988345346,3985,-0.010555780819159522,-9.827132249776229,-0.008029965644625253
taousdt,20,781,-0.016815358114164156,-8.03026897781394,3985,-0.011275211021051801,-10.271326028022495,-0.005540147093112355
rndrusdt,0,163,-0.021589326931531025,-3.939455641502069,1100,-0.01058508672615307,-5.807767414391917,-0.011004240205377954
rndrusdt,1,163,-0.021303847846897157,-3.903603976631899,1100,-0.010478522078620784,-5.756362996824636,-0.010825325768276373
rndrusdt,2,163,-0.020810829625469925,-3.813941347054326,1100,-0.010374712374962602,-5.7100579903573685,-0.010436117250507323
rndrusdt,5,163,-0.020130665041653374,-3.640992645370009,1100,-0.009995405493496406,-5.54164671551747,-0.010135259548156968
rndrusdt,10,163,-0.01938597052441656,-3.492657881516927,1100,-0.009171839251835524,-5.097327903770605,-0.010214131272581037
rndrusdt,20,163,-0.016327674845410783,-2.899672764900097,1100,-0.008667504930420811,-4.812294992755162,-0.007660169914989972
