asset,fwd_k,regime,n,mean_ret,median_ret,mean_vol,t_ret,p_ret
btcusdt,10,oos_all,14390,-0.00018230520648448374,3.9010330618448574e-05,0.0028334296022901324,-2.148751695560558,0.03167072170235823
btcusdt,10,oos_low_vpin_q20,2878,-0.001199684135973997,-0.0008489653761658449,0.0033497222044775047,-5.218414304667727,1.9329096657639845e-07
btcusdt,10,oos_high_vpin_q80,7095,-5.412642164508676e-06,4.594051255715177e-05,0.0025599274110097428,-0.05208486430962058,0.9584625396208192
btcusdt,10,oos_high_vpin_buy_dom,2645,0.0004797079168596503,0.0002234583603059605,0.002423915201406283,3.1096906900119765,0.0018927834180864059
btcusdt,10,oos_high_vpin_sell_dom,4450,-0.0002937595811799918,-7.465986304023325e-05,0.0026407706232347205,-2.1312303539007265,0.0331248325035043
btcusdt,25,oos_all,14375,-0.0004735901013971328,0.0003945093442730762,0.002904948502939688,-3.598084674501283,0.00032164590269217444
btcusdt,25,oos_low_vpin_q20,2875,-0.003121715253399346,-0.0016023673400675999,0.0034446598861851904,-8.718627908655563,4.674883107388417e-18
btcusdt,25,oos_high_vpin_q80,7095,8.211556784584192e-05,0.0005520610142896828,0.002618968878012753,0.5193407368069523,0.6035393524555073
btcusdt,25,oos_high_vpin_buy_dom,2645,0.0015086287208635068,0.0013282176985413951,0.002477791539759232,6.176551698384037,7.56180739012999e-10
btcusdt,25,oos_high_vpin_sell_dom,4450,-0.000765778205127579,0.00021174946956224549,0.0027028821498510814,-3.7343663317641487,0.00019054314278915463
btcusdt,50,oos_all,14350,-0.0009631606862793927,-0.0002004414049616304,0.002935576316746697,-5.279998504225762,1.3106922329084166e-07
btcusdt,50,oos_low_vpin_q20,2870,-0.006676638147367529,-0.0059649746269975715,0.0034658695069308414,-14.311401675302236,6.304160562186146e-45
btcusdt,50,oos_high_vpin_q80,7095,0.00026714334038255484,0.0006487620751090944,0.0026453120671532577,1.2237581059534457,0.2210841362072405
btcusdt,50,oos_high_vpin_buy_dom,2645,0.003197191931467429,0.0034125958504818564,0.0024981531735031315,9.114351500724535,1.5228874903013115e-19
btcusdt,50,oos_high_vpin_sell_dom,4450,-0.0014744248671274432,-0.0010664988206322882,0.0027327806679857485,-5.353449821265092,9.063785955752998e-08
btcusdt,100,oos_all,14300,-0.0018620510039531954,-0.0002761268896227519,0.0029543298534938957,-7.081438705896232,1.493215005951282e-12
btcusdt,100,oos_low_vpin_q20,2860,-0.012839403122195475,-0.012537035972222034,0.0034953725323030294,-18.274457561102086,1.1943515575530856e-70
btcusdt,100,oos_high_vpin_q80,7095,0.001782334019040183,0.0024872408927080498,0.0026608291612319895,5.7048828620354355,1.2111080945841437e-08
btcusdt,100,oos_high_vpin_buy_dom,2645,0.005814624148632473,0.006562324901906865,0.002526388695013799,11.064897339478533,7.511283198071269e-28
btcusdt,100,oos_high_vpin_sell_dom,4450,-0.0006143867433804034,-0.00040272990162094224,0.002740738157444824,-1.6017098635543294,0.10929077677354083
ethusdt,10,oos_all,31456,4.904667024663391e-05,8.868665599392942e-05,0.003088891739948457,0.7871793065091498,0.4311828401986698
ethusdt,10,oos_low_vpin_q20,6291,0.0002437447013395856,0.0006403586226984833,0.0035070497223826675,1.5314593868442368,0.1257061858397443
ethusdt,10,oos_high_vpin_q80,20909,0.00013380383064726686,2.4823091149778713e-05,0.002915758803727656,1.8580995624973953,0.0631689225366805
ethusdt,10,oos_high_vpin_buy_dom,5478,0.0014061386542838978,0.0010475855973483346,0.0028064082276493146,10.652966028156293,3.0471213961854665e-26
ethusdt,10,oos_high_vpin_sell_dom,15431,-0.00031787461947790105,-0.00031228258641072563,0.0029545782228033585,-3.7267890113926305,0.00019462695537180778
ethusdt,25,oos_all,31441,0.00012404515913417877,0.0004763706253481825,0.0031645061342564446,1.247782695035216,0.2121199408718994
ethusdt,25,oos_low_vpin_q20,6288,0.000699442100373117,0.0012688274962357577,0.003570368046458702,2.8126793552925995,0.0049282995586114355
ethusdt,25,oos_high_vpin_q80,20909,0.00019984652856905102,0.00036942149973468125,0.002996975648897492,1.742504746993661,0.08143486429956731
ethusdt,25,oos_high_vpin_buy_dom,5478,0.0026883118761073022,0.002880109548595183,0.0028658443869159964,13.188138555940629,4.0324599451574194e-39
ethusdt,25,oos_high_vpin_sell_dom,15431,-0.0006835578634868457,-0.000682500412301164,0.0030435272044113696,-4.995764874665022,5.924393772764436e-07
ethusdt,50,oos_all,31416,0.00023376020220343242,0.0008901157747550226,0.0031983067798335794,1.6419765864878886,0.10060486569659814
ethusdt,50,oos_low_vpin_q20,6283,0.0006014043956156254,0.0018073785964844084,0.0035994942673579448,1.7303187393642803,0.0836224540778692
ethusdt,50,oos_high_vpin_q80,20909,0.00019979264746653648,0.0007731153642855148,0.003033425134415918,1.2223957848340856,0.22157177226123712
ethusdt,50,oos_high_vpin_buy_dom,5478,0.004688814861944067,0.0049970648165824656,0.0028768260817325156,15.993670953802512,2.6215545976637085e-56
ethusdt,50,oos_high_vpin_sell_dom,15431,-0.0013938087841262256,-0.0009840019392690629,0.00308901774737682,-7.189013276809786,6.825399966318816e-13
ethusdt,100,oos_all,31366,0.0005061912796133815,0.0013495373323447802,0.003223375997059036,2.509086872850491,0.012109371370637941
ethusdt,100,oos_low_vpin_q20,6273,7.112726510253155e-05,0.0014535345561639019,0.0036250480945011943,0.15066897503150634,0.8802416932954802
ethusdt,100,oos_high_vpin_q80,20909,0.00038234288430121795,0.0014821533441714638,0.003059653487342485,1.5902124526321573,0.11180204366011029
ethusdt,100,oos_high_vpin_buy_dom,5478,0.007863672843042098,0.007383655047077912,0.002904283786432844,16.99441960452094,3.668692726997401e-63
ethusdt,100,oos_high_vpin_sell_dom,15431,-0.0022735268269282907,-0.0005978796802924559,0.00311480968082204,-8.171196357615557,3.288536344714361e-16
