symbol,fold,feature,fwd_k,train_n,train_acc,train_rho,test_n,test_acc,test_rho,test_p,mean_bull,mean_bear
BTCUSDT,fwd1,buy_ratio,10,33,0.5152,0.0642,250,0.532,0.1429,0.023870753184449766,0.0007835273265050909,-0.000928349268123231
BTCUSDT,fwd1,delta_mom_z,10,33,0.4545,-0.1728,250,0.556,0.1017,0.10869605087246137,0.0006167204569992668,-0.000761542398617407
BTCUSDT,fwd1,cvd_slope_z,10,33,0.3939,-0.2296,250,0.636,0.2452,8.923172246709583e-05,0.003950649955437496,-0.004095471897055637
BTCUSDT,fwd1,large_ratio_ma10,10,33,0.4545,-0.0448,250,0.612,0.2012,0.0013865607490953847,0.0028656480708805134,-0.0030104700124986535
BTCUSDT,fwd1,large_net_z,10,33,0.3939,-0.3155,250,0.652,0.26,3.1432987032484554e-05,0.004663289174336763,-0.004808111115954904
BTCUSDT,fwd1,trade_accel,10,33,0.5758,0.0478,250,0.46,-0.07,0.27043062383746336,-0.0009117824311066469,0.0007669604894885067
BTCUSDT,fwd1,chart_1h_rsi,10,33,,,250,,,,,
BTCUSDT,fwd1,chart_1h_range_pctile,10,33,,,250,,,,,
BTCUSDT,fwd1,chart_1h_dist_sma20,10,33,,,250,,,,,
BTCUSDT,fwd1,chart_1h_dist_sma50,10,33,,,250,,,,,
BTCUSDT,fwd1,chart_1h_sma20_slope,10,33,,,250,,,,,
BTCUSDT,fwd1,chart_1h_macd_norm,10,33,,,250,,,,,
BTCUSDT,fwd1,chart_1h_bb_position,10,33,,,250,,,,,
BTCUSDT,fwd1,chart_4h_rsi,10,33,,,250,,,,,
BTCUSDT,fwd1,chart_4h_range_pctile,10,33,,,250,,,,,
BTCUSDT,fwd1,chart_4h_dist_sma20,10,33,,,250,,,,,
BTCUSDT,fwd1,chart_4h_dist_sma50,10,33,,,250,,,,,
BTCUSDT,fwd1,chart_4h_sma20_slope,10,33,,,250,,,,,
BTCUSDT,fwd1,chart_4h_macd_norm,10,33,,,250,,,,,
BTCUSDT,fwd1,chart_4h_bb_position,10,33,,,250,,,,,
BTCUSDT,fwd1,ob_imbalance,10,33,0.5152,-0.1581,250,0.556,0.0807,0.20362771988332645,0.0005073493909400791,-0.0006521713325582192
BTCUSDT,fwd1,ob_spread_z,10,33,0.697,0.3984,250,0.5,-0.0705,0.2669926266960528,-0.0002427080593300861,9.788611771194588e-05
BTCUSDT,fwd1,ob_imb_ma5,10,33,0.5152,0.3656,250,0.596,0.2268,0.00029997421860871045,0.0031333090233659007,-0.0032781309649840412
BTCUSDT,fwd1,ob_imb_ma20,10,33,0.697,0.3997,250,0.564,0.3093,6.079956533947039e-07,0.0035646891926484907,-0.0037095111342666308
BTCUSDT,fwd1,ob_imb_centered,10,33,0.5152,0.3656,250,0.596,0.2268,0.00029997421860871045,0.0031333090233659007,-0.0032781309649840412
BTCUSDT,fwd1,buy_ratio,25,33,0.5455,-0.1591,250,0.544,0.078,0.2193083312826901,0.0005396667270844917,-0.0024212513211868494
BTCUSDT,fwd1,delta_mom_z,25,33,0.4242,-0.1394,250,0.504,0.0095,0.8811257836936688,0.00035004393671538383,-0.0022316285308177416
BTCUSDT,fwd1,cvd_slope_z,25,33,0.3636,-0.2072,250,0.552,0.1157,0.06777608387625747,0.0023197327120332086,-0.004201317306135566
BTCUSDT,fwd1,large_ratio_ma10,25,33,0.4242,-0.0381,250,0.528,0.0926,0.14417242408238112,0.0012528341975724029,-0.0031344187916747604
BTCUSDT,fwd1,large_net_z,25,33,0.3636,-0.2617,250,0.56,0.1377,0.029549488528263366,0.0026115160981903403,-0.004493100692292698
BTCUSDT,fwd1,trade_accel,25,33,0.6061,-0.0087,250,0.504,0.0328,0.606213095213235,-0.0008602228920947965,-0.0010213617020075612
BTCUSDT,fwd1,chart_1h_rsi,25,33,,,250,,,,,
BTCUSDT,fwd1,chart_1h_range_pctile,25,33,,,250,,,,,
BTCUSDT,fwd1,chart_1h_dist_sma20,25,33,,,250,,,,,
BTCUSDT,fwd1,chart_1h_dist_sma50,25,33,,,250,,,,,
BTCUSDT,fwd1,chart_1h_sma20_slope,25,33,,,250,,,,,
BTCUSDT,fwd1,chart_1h_macd_norm,25,33,,,250,,,,,
BTCUSDT,fwd1,chart_1h_bb_position,25,33,,,250,,,,,
BTCUSDT,fwd1,chart_4h_rsi,25,33,,,250,,,,,
BTCUSDT,fwd1,chart_4h_range_pctile,25,33,,,250,,,,,
BTCUSDT,fwd1,chart_4h_dist_sma20,25,33,,,250,,,,,
BTCUSDT,fwd1,chart_4h_dist_sma50,25,33,,,250,,,,,
BTCUSDT,fwd1,chart_4h_sma20_slope,25,33,,,250,,,,,
BTCUSDT,fwd1,chart_4h_macd_norm,25,33,,,250,,,,,
BTCUSDT,fwd1,chart_4h_bb_position,25,33,,,250,,,,,
BTCUSDT,fwd1,ob_imbalance,25,33,0.4848,0.0635,250,0.504,0.0516,0.41660046112617805,-0.000425809637162069,-0.0014557749569402887
BTCUSDT,fwd1,ob_spread_z,25,33,0.7273,0.6578,250,0.584,0.092,0.1469142532315322,0.00141678078110544,-0.0032983653752077977
BTCUSDT,fwd1,ob_imb_ma5,25,33,0.5455,0.3366,250,0.576,0.245,9.070477727867231e-05,0.005036550934549886,-0.006918135528652244
BTCUSDT,fwd1,ob_imb_ma20,25,33,0.6667,0.4368,250,0.56,0.3512,1.1477651999346248e-08,0.005559124815217409,-0.007440709409319767
BTCUSDT,fwd1,ob_imb_centered,25,33,0.5455,0.3366,250,0.576,0.245,9.070477727867231e-05,0.005036550934549886,-0.006918135528652244
BTCUSDT,fwd1,buy_ratio,50,33,0.4242,-0.3449,250,0.532,0.0643,0.3111413403352266,0.0006161966429649581,-0.003588488942294812
BTCUSDT,fwd1,delta_mom_z,50,33,0.4242,-0.3874,250,0.516,-0.0096,0.8798960561393773,-0.001794682806962963,-0.0011776094923668908
BTCUSDT,fwd1,cvd_slope_z,50,33,0.4848,-0.2624,250,0.588,0.0904,0.15432683624380936,0.00261871550486104,-0.005591007804190894
BTCUSDT,fwd1,large_ratio_ma10,50,33,0.4242,-0.4418,250,0.548,-0.0023,0.9706466634924074,-0.0005952546224741707,-0.0023770376768556833
BTCUSDT,fwd1,large_net_z,50,33,0.5455,-0.1424,250,0.588,0.1211,0.055875196150799326,0.0034094972665964685,-0.006381789565926322
BTCUSDT,fwd1,trade_accel,50,33,0.4848,-0.2938,250,0.468,-0.0029,0.9633743507039153,-0.004044127846387524,0.0010718355470576704
BTCUSDT,fwd1,chart_1h_rsi,50,33,,,250,,,,,
BTCUSDT,fwd1,chart_1h_range_pctile,50,33,,,250,,,,,
BTCUSDT,fwd1,chart_1h_dist_sma20,50,33,,,250,,,,,
BTCUSDT,fwd1,chart_1h_dist_sma50,50,33,,,250,,,,,
BTCUSDT,fwd1,chart_1h_sma20_slope,50,33,,,250,,,,,
BTCUSDT,fwd1,chart_1h_macd_norm,50,33,,,250,,,,,
BTCUSDT,fwd1,chart_1h_bb_position,50,33,,,250,,,,,
BTCUSDT,fwd1,chart_4h_rsi,50,33,,,250,,,,,
BTCUSDT,fwd1,chart_4h_range_pctile,50,33,,,250,,,,,
BTCUSDT,fwd1,chart_4h_dist_sma20,50,33,,,250,,,,,
BTCUSDT,fwd1,chart_4h_dist_sma50,50,33,,,250,,,,,
BTCUSDT,fwd1,chart_4h_sma20_slope,50,33,,,250,,,,,
BTCUSDT,fwd1,chart_4h_macd_norm,50,33,,,250,,,,,
BTCUSDT,fwd1,chart_4h_bb_position,50,33,,,250,,,,,
BTCUSDT,fwd1,ob_imbalance,50,33,0.4242,-0.1905,250,0.54,0.0955,0.13210667554235972,0.0017370028172437229,-0.004709295116573577
BTCUSDT,fwd1,ob_spread_z,50,33,0.5455,-0.2189,250,0.484,0.1127,0.07518346851005665,-0.001122505460959097,-0.0018497868383707567
BTCUSDT,fwd1,ob_imb_ma5,50,33,0.4848,-0.246,250,0.604,0.2288,0.0002646573896335684,0.006366529496123491,-0.009338821795453344
BTCUSDT,fwd1,ob_imb_ma20,50,33,0.4848,-0.3947,250,0.58,0.2976,1.6672139512698094e-06,0.007121617985153313,-0.010093910284483166
BTCUSDT,fwd1,ob_imb_centered,50,33,0.4848,-0.246,250,0.604,0.2288,0.0002646573896335684,0.006366529496123491,-0.009338821795453344
BTCUSDT,fwd2,buy_ratio,10,109,0.5229,0.1208,150,0.56,0.1378,0.09270382636311873,0.000980651051478696,-0.0032026812256011226
BTCUSDT,fwd2,delta_mom_z,10,109,0.578,0.1046,150,0.5067,-0.0341,0.6785124207970057,-0.0009608187989144001,-0.0012612113752080267
BTCUSDT,fwd2,cvd_slope_z,10,109,0.578,0.14,150,0.6133,0.2008,0.01374824738426849,0.001808529778109042,-0.0040305599522314686
BTCUSDT,fwd2,large_ratio_ma10,10,109,0.5596,0.1304,150,0.5733,0.1242,0.12983584184363117,0.000697986882724216,-0.002920017056846643
BTCUSDT,fwd2,large_net_z,10,109,0.578,0.1519,150,0.6133,0.1993,0.014464442930980701,0.002207255520218336,-0.004429285694340763
BTCUSDT,fwd2,trade_accel,10,109,0.3945,-0.2617,150,0.5333,-0.025,0.7618199463928985,-0.0008869903913259517,-0.001335039782796475
BTCUSDT,fwd2,chart_1h_rsi,10,109,,,150,,,,,
BTCUSDT,fwd2,chart_1h_range_pctile,10,109,,,150,,,,,
BTCUSDT,fwd2,chart_1h_dist_sma20,10,109,,,150,,,,,
BTCUSDT,fwd2,chart_1h_dist_sma50,10,109,,,150,,,,,
BTCUSDT,fwd2,chart_1h_sma20_slope,10,109,,,150,,,,,
BTCUSDT,fwd2,chart_1h_macd_norm,10,109,,,150,,,,,
BTCUSDT,fwd2,chart_1h_bb_position,10,109,,,150,,,,,
BTCUSDT,fwd2,chart_4h_rsi,10,109,,,150,,,,,
BTCUSDT,fwd2,chart_4h_range_pctile,10,109,,,150,,,,,
BTCUSDT,fwd2,chart_4h_dist_sma20,10,109,,,150,,,,,
BTCUSDT,fwd2,chart_4h_dist_sma50,10,109,,,150,,,,,
BTCUSDT,fwd2,chart_4h_sma20_slope,10,109,,,150,,,,,
BTCUSDT,fwd2,chart_4h_macd_norm,10,109,,,150,,,,,
BTCUSDT,fwd2,chart_4h_bb_position,10,109,,,150,,,,,
BTCUSDT,fwd2,ob_imbalance,10,109,0.5596,0.0604,150,0.5733,0.0477,0.5619288511423501,0.000178725288160682,-0.007559716963170691
BTCUSDT,fwd2,ob_spread_z,10,109,0.5229,0.1801,150,0.4667,0.0797,0.3325633134555426,-0.001860108294877955,-0.0003619218792444719
BTCUSDT,fwd2,ob_imb_ma5,10,109,0.578,0.2112,150,0.5,0.2832,0.0004456590189274871,-0.024631702953468698,-0.00046661267976237826
BTCUSDT,fwd2,ob_imb_ma20,10,109,0.5229,0.3368,150,0.54,0.4628,2.4715703657299417e-09,0.0060882994829573045,-0.0012083031217911934
BTCUSDT,fwd2,ob_imb_centered,10,109,0.578,0.2112,150,0.5,0.2832,0.0004456590189274871,-0.024631702953468698,-0.00046661267976237826
BTCUSDT,fwd2,buy_ratio,25,109,0.5413,0.0631,150,0.5467,0.1296,0.1140335425641135,0.0019837783035045074,-0.004467403786751369
BTCUSDT,fwd2,delta_mom_z,25,109,0.4495,-0.0738,150,0.6,0.1629,0.04641893463528285,0.0030010687470827823,-0.005484694230329643
BTCUSDT,fwd2,cvd_slope_z,25,109,0.4679,0.0309,150,0.5867,0.1225,0.13532423642042657,0.00343838097506416,-0.005922006458311022
BTCUSDT,fwd2,large_ratio_ma10,25,109,0.4679,0.0053,150,0.5333,0.0118,0.886248839327557,0.0017934749369222362,-0.004277100420169097
BTCUSDT,fwd2,large_net_z,25,109,0.4862,0.0652,150,0.6,0.1068,0.19331881998588363,0.004027714286784302,-0.0065113397700311635
BTCUSDT,fwd2,trade_accel,25,109,0.4128,-0.2348,150,0.48,-0.2066,0.01119281824284229,-0.003832083832419609,0.0013484583491727474
BTCUSDT,fwd2,chart_1h_rsi,25,109,,,150,,,,,
BTCUSDT,fwd2,chart_1h_range_pctile,25,109,,,150,,,,,
BTCUSDT,fwd2,chart_1h_dist_sma20,25,109,,,150,,,,,
BTCUSDT,fwd2,chart_1h_dist_sma50,25,109,,,150,,,,,
BTCUSDT,fwd2,chart_1h_sma20_slope,25,109,,,150,,,,,
BTCUSDT,fwd2,chart_1h_macd_norm,25,109,,,150,,,,,
BTCUSDT,fwd2,chart_1h_bb_position,25,109,,,150,,,,,
BTCUSDT,fwd2,chart_4h_rsi,25,109,,,150,,,,,
BTCUSDT,fwd2,chart_4h_range_pctile,25,109,,,150,,,,,
BTCUSDT,fwd2,chart_4h_dist_sma20,25,109,,,150,,,,,
BTCUSDT,fwd2,chart_4h_dist_sma50,25,109,,,150,,,,,
BTCUSDT,fwd2,chart_4h_sma20_slope,25,109,,,150,,,,,
BTCUSDT,fwd2,chart_4h_macd_norm,25,109,,,150,,,,,
BTCUSDT,fwd2,chart_4h_bb_position,25,109,,,150,,,,,
BTCUSDT,fwd2,ob_imbalance,25,109,0.4679,-0.002,150,0.5867,0.1855,0.0230100177600754,0.003103217082502093,-0.02296696186225105
BTCUSDT,fwd2,ob_spread_z,25,109,0.6147,0.1001,150,0.4,0.052,0.5275978066699634,-0.007346522403642813,0.0048628969203959515
BTCUSDT,fwd2,ob_imb_ma5,25,109,0.5229,0.1399,150,0.5533,0.5328,2.2386184614708334e-12,-0.027146416440016308,-0.0005320975718044478
BTCUSDT,fwd2,ob_imb_ma20,25,109,0.578,0.4058,150,0.5933,0.5824,5.353121332426934e-15,0.021258689249238794,-0.0015458735793377851
BTCUSDT,fwd2,ob_imb_centered,25,109,0.5229,0.1399,150,0.5533,0.5328,2.2386184614708334e-12,-0.027146416440016308,-0.0005320975718044478
BTCUSDT,fwd2,buy_ratio,50,109,0.578,0.1006,150,0.5,0.0037,0.9642982196579019,0.007969022535132365,0.007738096866002202
BTCUSDT,fwd2,delta_mom_z,50,109,0.4862,-0.0668,150,0.6067,0.2293,0.004773131312717426,0.015529394016890076,0.00017772538424448925
BTCUSDT,fwd2,cvd_slope_z,50,109,0.6147,0.1434,150,0.42,-0.094,0.2524620494316949,0.003476653200837584,0.012230466200296981
BTCUSDT,fwd2,large_ratio_ma10,50,109,0.578,0.0068,150,0.4067,-0.2272,0.005178667520623857,0.0007936057194881545,0.014913513681646411
BTCUSDT,fwd2,large_net_z,50,109,0.633,0.1667,150,0.4467,-0.1214,0.13897171922573706,0.0042983148611609534,0.011408804539973613
BTCUSDT,fwd2,trade_accel,50,109,0.4495,-0.0479,150,0.3933,-0.2806,0.0005048345215115,-0.0010082120259498446,0.01671533142708441
BTCUSDT,fwd2,chart_1h_rsi,50,109,,,150,,,,,
BTCUSDT,fwd2,chart_1h_range_pctile,50,109,,,150,,,,,
BTCUSDT,fwd2,chart_1h_dist_sma20,50,109,,,150,,,,,
BTCUSDT,fwd2,chart_1h_dist_sma50,50,109,,,150,,,,,
BTCUSDT,fwd2,chart_1h_sma20_slope,50,109,,,150,,,,,
BTCUSDT,fwd2,chart_1h_macd_norm,50,109,,,150,,,,,
BTCUSDT,fwd2,chart_1h_bb_position,50,109,,,150,,,,,
BTCUSDT,fwd2,chart_4h_rsi,50,109,,,150,,,,,
BTCUSDT,fwd2,chart_4h_range_pctile,50,109,,,150,,,,,
BTCUSDT,fwd2,chart_4h_dist_sma20,50,109,,,150,,,,,
BTCUSDT,fwd2,chart_4h_dist_sma50,50,109,,,150,,,,,
BTCUSDT,fwd2,chart_4h_sma20_slope,50,109,,,150,,,,,
BTCUSDT,fwd2,chart_4h_macd_norm,50,109,,,150,,,,,
BTCUSDT,fwd2,chart_4h_bb_position,50,109,,,150,,,,,
BTCUSDT,fwd2,ob_imbalance,50,109,0.5229,0.1026,150,0.6733,0.2385,0.00329688608627095,0.015003497926792477,-0.02789613143055869
BTCUSDT,fwd2,ob_spread_z,50,109,0.4495,0.0906,150,0.4067,0.0989,0.22855833993866032,0.006001286324231933,0.009705833076902632
BTCUSDT,fwd2,ob_imb_ma5,50,109,0.6514,0.2188,150,0.4533,0.4723,1.0473109126282253e-09,-0.021668153110739635,0.008662373750192132
BTCUSDT,fwd2,ob_imb_ma20,50,109,0.6881,0.3339,150,0.4667,0.3395,2.1395912403743895e-05,0.06443023616495103,0.007089010018616152
BTCUSDT,fwd2,ob_imb_centered,50,109,0.6514,0.2188,150,0.4533,0.4723,1.0473109126282253e-09,-0.021668153110739635,0.008662373750192132
BTCUSDT,fwd3,buy_ratio,10,206,0.5534,0.1658,29,,,,,
BTCUSDT,fwd3,delta_mom_z,10,206,0.534,0.0771,29,,,,,
BTCUSDT,fwd3,cvd_slope_z,10,206,0.6019,0.2109,29,,,,,
BTCUSDT,fwd3,large_ratio_ma10,10,206,0.6019,0.2242,29,,,,,
BTCUSDT,fwd3,large_net_z,10,206,0.6019,0.2127,29,,,,,
BTCUSDT,fwd3,trade_accel,10,206,0.4563,-0.159,29,,,,,
BTCUSDT,fwd3,chart_1h_rsi,10,206,,,29,,,,,
BTCUSDT,fwd3,chart_1h_range_pctile,10,206,,,29,,,,,
BTCUSDT,fwd3,chart_1h_dist_sma20,10,206,,,29,,,,,
BTCUSDT,fwd3,chart_1h_dist_sma50,10,206,,,29,,,,,
BTCUSDT,fwd3,chart_1h_sma20_slope,10,206,,,29,,,,,
BTCUSDT,fwd3,chart_1h_macd_norm,10,206,,,29,,,,,
BTCUSDT,fwd3,chart_1h_bb_position,10,206,,,29,,,,,
BTCUSDT,fwd3,chart_4h_rsi,10,206,,,29,,,,,
BTCUSDT,fwd3,chart_4h_range_pctile,10,206,,,29,,,,,
BTCUSDT,fwd3,chart_4h_dist_sma20,10,206,,,29,,,,,
BTCUSDT,fwd3,chart_4h_dist_sma50,10,206,,,29,,,,,
BTCUSDT,fwd3,chart_4h_sma20_slope,10,206,,,29,,,,,
BTCUSDT,fwd3,chart_4h_macd_norm,10,206,,,29,,,,,
BTCUSDT,fwd3,chart_4h_bb_position,10,206,,,29,,,,,
BTCUSDT,fwd3,ob_imbalance,10,206,0.6019,0.0703,29,,,,,
BTCUSDT,fwd3,ob_spread_z,10,206,0.5146,0.22,29,,,,,
BTCUSDT,fwd3,ob_imb_ma5,10,206,0.4951,0.3144,29,,,,,
BTCUSDT,fwd3,ob_imb_ma20,10,206,0.7476,0.5473,29,,,,,
BTCUSDT,fwd3,ob_imb_centered,10,206,0.4951,0.3144,29,,,,,
BTCUSDT,fwd3,buy_ratio,25,206,0.5291,0.1383,29,,,,,
BTCUSDT,fwd3,delta_mom_z,25,206,0.5485,0.0947,29,,,,,
BTCUSDT,fwd3,cvd_slope_z,25,206,0.5194,0.0504,29,,,,,
BTCUSDT,fwd3,large_ratio_ma10,25,206,0.5291,0.0633,29,,,,,
BTCUSDT,fwd3,large_net_z,25,206,0.5291,0.0487,29,,,,,
BTCUSDT,fwd3,trade_accel,25,206,0.4029,-0.3049,29,,,,,
BTCUSDT,fwd3,chart_1h_rsi,25,206,,,29,,,,,
BTCUSDT,fwd3,chart_1h_range_pctile,25,206,,,29,,,,,
BTCUSDT,fwd3,chart_1h_dist_sma20,25,206,,,29,,,,,
BTCUSDT,fwd3,chart_1h_dist_sma50,25,206,,,29,,,,,
BTCUSDT,fwd3,chart_1h_sma20_slope,25,206,,,29,,,,,
BTCUSDT,fwd3,chart_1h_macd_norm,25,206,,,29,,,,,
BTCUSDT,fwd3,chart_1h_bb_position,25,206,,,29,,,,,
BTCUSDT,fwd3,chart_4h_rsi,25,206,,,29,,,,,
BTCUSDT,fwd3,chart_4h_range_pctile,25,206,,,29,,,,,
BTCUSDT,fwd3,chart_4h_dist_sma20,25,206,,,29,,,,,
BTCUSDT,fwd3,chart_4h_dist_sma50,25,206,,,29,,,,,
BTCUSDT,fwd3,chart_4h_sma20_slope,25,206,,,29,,,,,
BTCUSDT,fwd3,chart_4h_macd_norm,25,206,,,29,,,,,
BTCUSDT,fwd3,chart_4h_bb_position,25,206,,,29,,,,,
BTCUSDT,fwd3,ob_imbalance,25,206,0.5583,0.0464,29,,,,,
BTCUSDT,fwd3,ob_spread_z,25,206,0.4709,0.0981,29,,,,,
BTCUSDT,fwd3,ob_imb_ma5,25,206,0.5194,0.3406,29,,,,,
BTCUSDT,fwd3,ob_imb_ma20,25,206,0.733,0.6211,29,,,,,
BTCUSDT,fwd3,ob_imb_centered,25,206,0.5194,0.3406,29,,,,,
BTCUSDT,fwd3,buy_ratio,50,206,0.5097,0.0679,29,,,,,
BTCUSDT,fwd3,delta_mom_z,50,206,0.5583,0.158,29,,,,,
BTCUSDT,fwd3,cvd_slope_z,50,206,0.5,0.0233,29,,,,,
BTCUSDT,fwd3,large_ratio_ma10,50,206,0.4806,-0.0439,29,,,,,
BTCUSDT,fwd3,large_net_z,50,206,0.5097,0.0123,29,,,,,
BTCUSDT,fwd3,trade_accel,50,206,0.4126,-0.2717,29,,,,,
BTCUSDT,fwd3,chart_1h_rsi,50,206,,,29,,,,,
BTCUSDT,fwd3,chart_1h_range_pctile,50,206,,,29,,,,,
BTCUSDT,fwd3,chart_1h_dist_sma20,50,206,,,29,,,,,
BTCUSDT,fwd3,chart_1h_dist_sma50,50,206,,,29,,,,,
BTCUSDT,fwd3,chart_1h_sma20_slope,50,206,,,29,,,,,
BTCUSDT,fwd3,chart_1h_macd_norm,50,206,,,29,,,,,
BTCUSDT,fwd3,chart_1h_bb_position,50,206,,,29,,,,,
BTCUSDT,fwd3,chart_4h_rsi,50,206,,,29,,,,,
BTCUSDT,fwd3,chart_4h_range_pctile,50,206,,,29,,,,,
BTCUSDT,fwd3,chart_4h_dist_sma20,50,206,,,29,,,,,
BTCUSDT,fwd3,chart_4h_dist_sma50,50,206,,,29,,,,,
BTCUSDT,fwd3,chart_4h_sma20_slope,50,206,,,29,,,,,
BTCUSDT,fwd3,chart_4h_macd_norm,50,206,,,29,,,,,
BTCUSDT,fwd3,chart_4h_bb_position,50,206,,,29,,,,,
BTCUSDT,fwd3,ob_imbalance,50,206,0.5874,0.0927,29,,,,,
BTCUSDT,fwd3,ob_spread_z,50,206,0.3835,-0.0414,29,,,,,
BTCUSDT,fwd3,ob_imb_ma5,50,206,0.5388,0.3525,29,,,,,
BTCUSDT,fwd3,ob_imb_ma20,50,206,0.7136,0.4624,29,,,,,
BTCUSDT,fwd3,ob_imb_centered,50,206,0.5388,0.3525,29,,,,,
BTCUSDT,fwd4,buy_ratio,10,285,0.5368,0.0974,56,0.4821,0.0481,0.7247020222673384,-0.0010734693215610888,0.0008645547768528812
BTCUSDT,fwd4,delta_mom_z,10,285,0.4807,-0.0831,56,0.375,-0.3117,0.01936457606031048,-0.0031195345550703185,0.0029106200103621105
BTCUSDT,fwd4,cvd_slope_z,10,285,0.5719,0.0831,56,0.5179,-0.1237,0.3636463183297733,-0.0018226718484781904,0.0016137573037699829
BTCUSDT,fwd4,large_ratio_ma10,10,285,0.5509,0.0554,56,0.5893,-0.0442,0.7462123022938533,-9.283147382127146e-05,-0.00011608307088693617
BTCUSDT,fwd4,large_net_z,10,285,0.5649,0.0838,56,0.5179,-0.0779,0.5681130542915569,-0.001293917544112812,0.0010850029994046043
BTCUSDT,fwd4,trade_accel,10,285,0.4526,-0.1464,56,0.3036,-0.3615,0.006189076133679036,-0.004167885600088794,0.003958971055380587
BTCUSDT,fwd4,chart_1h_rsi,10,285,,,56,,,,,
BTCUSDT,fwd4,chart_1h_range_pctile,10,285,,,56,,,,,
BTCUSDT,fwd4,chart_1h_dist_sma20,10,285,,,56,,,,,
BTCUSDT,fwd4,chart_1h_dist_sma50,10,285,,,56,,,,,
BTCUSDT,fwd4,chart_1h_sma20_slope,10,285,,,56,,,,,
BTCUSDT,fwd4,chart_1h_macd_norm,10,285,,,56,,,,,
BTCUSDT,fwd4,chart_1h_bb_position,10,285,,,56,,,,,
BTCUSDT,fwd4,chart_4h_rsi,10,285,,,56,,,,,
BTCUSDT,fwd4,chart_4h_range_pctile,10,285,,,56,,,,,
BTCUSDT,fwd4,chart_4h_dist_sma20,10,285,,,56,,,,,
BTCUSDT,fwd4,chart_4h_dist_sma50,10,285,,,56,,,,,
BTCUSDT,fwd4,chart_4h_sma20_slope,10,285,,,56,,,,,
BTCUSDT,fwd4,chart_4h_macd_norm,10,285,,,56,,,,,
BTCUSDT,fwd4,chart_4h_bb_position,10,285,,,56,,,,,
BTCUSDT,fwd4,ob_imbalance,10,285,0.5509,0.0234,56,0.625,0.1055,0.4391602478738002,0.0023357270469223134,-0.0022192836823936653
BTCUSDT,fwd4,ob_spread_z,10,285,0.5088,0.157,56,0.4821,-0.0483,0.7239509863321829,-0.0006471171121010969,0.00043820256739288924
BTCUSDT,fwd4,ob_imb_ma5,10,285,0.4912,0.1674,56,0.4821,-0.0414,0.7618054401578997,0.00024333985022937616,-0.0004522543949375838
BTCUSDT,fwd4,ob_imb_ma20,10,285,0.6561,0.3554,56,0.4821,-0.1234,0.3647157685874543,-0.0014955001847414076,0.0012865856400331999
BTCUSDT,fwd4,ob_imb_centered,10,285,0.4912,0.1674,56,0.4821,-0.0414,0.7618054401578997,0.00024333985022937616,-0.0004522543949375838
BTCUSDT,fwd4,buy_ratio,25,285,0.5333,0.0718,56,0.4643,0.1589,0.24225510769265465,0.0004304803782470041,0.00044993713791157845
BTCUSDT,fwd4,delta_mom_z,25,285,0.5193,-0.0055,56,0.6071,0.161,0.2357477387939211,0.0021694290581741166,-0.0012890115420155343
BTCUSDT,fwd4,cvd_slope_z,25,285,0.5404,0.0645,56,0.3214,-0.4176,0.0013649884590867009,-0.003565264629234756,0.004445682145393338
BTCUSDT,fwd4,large_ratio_ma10,25,285,0.5053,0.0362,56,0.3929,-0.3944,0.0026317557504600612,-0.0026043967890677683,0.003484814305226351
BTCUSDT,fwd4,large_net_z,25,285,0.5333,0.0665,56,0.3214,-0.4027,0.0020890581907259515,-0.003121608686076273,0.004002026202234855
BTCUSDT,fwd4,trade_accel,25,285,0.386,-0.2997,56,0.3571,-0.2576,0.055254101826232256,-0.0019591437452315874,0.00283956126139017
BTCUSDT,fwd4,chart_1h_rsi,25,285,,,56,,,,,
BTCUSDT,fwd4,chart_1h_range_pctile,25,285,,,56,,,,,
BTCUSDT,fwd4,chart_1h_dist_sma20,25,285,,,56,,,,,
BTCUSDT,fwd4,chart_1h_dist_sma50,25,285,,,56,,,,,
BTCUSDT,fwd4,chart_1h_sma20_slope,25,285,,,56,,,,,
BTCUSDT,fwd4,chart_1h_macd_norm,25,285,,,56,,,,,
BTCUSDT,fwd4,chart_1h_bb_position,25,285,,,56,,,,,
BTCUSDT,fwd4,chart_4h_rsi,25,285,,,56,,,,,
BTCUSDT,fwd4,chart_4h_range_pctile,25,285,,,56,,,,,
BTCUSDT,fwd4,chart_4h_dist_sma20,25,285,,,56,,,,,
BTCUSDT,fwd4,chart_4h_dist_sma50,25,285,,,56,,,,,
BTCUSDT,fwd4,chart_4h_sma20_slope,25,285,,,56,,,,,
BTCUSDT,fwd4,chart_4h_macd_norm,25,285,,,56,,,,,
BTCUSDT,fwd4,chart_4h_bb_position,25,285,,,56,,,,,
BTCUSDT,fwd4,ob_imbalance,25,285,0.5333,0.0471,56,0.4643,-0.084,0.5381913273279605,-0.00042160157051054274,0.0011871110428571473
BTCUSDT,fwd4,ob_spread_z,25,285,0.5193,0.0684,56,0.3214,-0.4528,0.0004587538671301237,-0.004206447980576511,0.0050868654967350935
BTCUSDT,fwd4,ob_imb_ma5,25,285,0.5088,0.2294,56,0.3929,-0.2705,0.0437871584638336,-0.001882106484974781,0.0027625240011333635
BTCUSDT,fwd4,ob_imb_ma20,25,285,0.6526,0.4508,56,0.2143,-0.6432,8.997817450225647e-08,-0.005236596949187405,0.006117014465345988
BTCUSDT,fwd4,ob_imb_centered,25,285,0.5088,0.2294,56,0.3929,-0.2705,0.0437871584638336,-0.001882106484974781,0.0027625240011333635
BTCUSDT,fwd4,buy_ratio,50,285,0.4877,-0.0026,56,0.4464,-0.0336,0.8056405367422718,0.008466901880417602,0.010553825045641865
BTCUSDT,fwd4,delta_mom_z,50,285,0.4877,0.032,56,0.4464,-0.1124,0.40961926121386566,0.00858485816813295,0.010435868757926518
BTCUSDT,fwd4,cvd_slope_z,50,285,0.4667,-0.0222,56,0.4821,-0.1698,0.21092450011873692,0.008245706226361183,0.010775020699698283
BTCUSDT,fwd4,large_ratio_ma10,50,285,0.4316,-0.0932,56,0.4821,-0.0787,0.5643733526117465,0.009547847067949181,0.009472879858110286
BTCUSDT,fwd4,large_net_z,50,285,0.4596,-0.0297,56,0.4821,-0.1682,0.2152437359885465,0.007479784279516086,0.011540942646543382
BTCUSDT,fwd4,trade_accel,50,285,0.4105,-0.2875,56,0.4464,-0.0332,0.8083531240197046,0.005874764891797378,0.013145962034262089
BTCUSDT,fwd4,chart_1h_rsi,50,285,,,56,,,,,
BTCUSDT,fwd4,chart_1h_range_pctile,50,285,,,56,,,,,
BTCUSDT,fwd4,chart_1h_dist_sma20,50,285,,,56,,,,,
BTCUSDT,fwd4,chart_1h_dist_sma50,50,285,,,56,,,,,
BTCUSDT,fwd4,chart_1h_sma20_slope,50,285,,,56,,,,,
BTCUSDT,fwd4,chart_1h_macd_norm,50,285,,,56,,,,,
BTCUSDT,fwd4,chart_1h_bb_position,50,285,,,56,,,,,
BTCUSDT,fwd4,chart_4h_rsi,50,285,,,56,,,,,
BTCUSDT,fwd4,chart_4h_range_pctile,50,285,,,56,,,,,
BTCUSDT,fwd4,chart_4h_dist_sma20,50,285,,,56,,,,,
BTCUSDT,fwd4,chart_4h_dist_sma50,50,285,,,56,,,,,
BTCUSDT,fwd4,chart_4h_sma20_slope,50,285,,,56,,,,,
BTCUSDT,fwd4,chart_4h_macd_norm,50,285,,,56,,,,,
BTCUSDT,fwd4,chart_4h_bb_position,50,285,,,56,,,,,
BTCUSDT,fwd4,ob_imbalance,50,285,0.5649,0.0683,56,0.4107,-0.2897,0.03034711106210094,0.0066700765164346846,0.011971945483412108
BTCUSDT,fwd4,ob_spread_z,50,285,0.5088,-0.0105,56,0.4464,-0.4867,0.00014245902497963842,0.003685171659872029,0.015335555266187437
BTCUSDT,fwd4,ob_imb_ma5,50,285,0.4632,0.1556,56,0.375,-0.5564,8.48555845249523e-06,0.0024702515898588112,0.016550475336200656
BTCUSDT,fwd4,ob_imb_ma20,50,285,0.6211,0.2846,56,0.375,-0.4666,0.00028873284964616824,0.0009528970647579849,0.018067829861301482
BTCUSDT,fwd4,ob_imb_centered,50,285,0.4632,0.1556,56,0.375,-0.5564,8.48555845249523e-06,0.0024702515898588112,0.016550475336200656
BTCUSDT,fwd5,buy_ratio,10,357,0.5378,0.085,50,0.62,0.2574,0.07110219955316296,-0.0013063456339699054,-0.00455470347791104
BTCUSDT,fwd5,delta_mom_z,10,357,0.465,-0.1095,50,0.66,0.3532,0.011874200695576776,-0.0008809652334270223,-0.004980083878453922
BTCUSDT,fwd5,cvd_slope_z,10,357,0.5434,0.0486,50,0.66,0.3562,0.011130659384576575,-0.0016331639377120898,-0.004227885174168855
BTCUSDT,fwd5,large_ratio_ma10,10,357,0.5266,0.0157,50,0.66,0.302,0.03305264651323107,-0.0016331639377120898,-0.004227885174168855
BTCUSDT,fwd5,large_net_z,10,357,0.5434,0.0549,50,0.66,0.3232,0.022049240392294455,-0.0016331639377120898,-0.004227885174168855
BTCUSDT,fwd5,trade_accel,10,357,0.4146,-0.2054,50,0.7,0.6774,6.569465961312945e-08,0.0027729151897759995,-0.008633964301656945
BTCUSDT,fwd5,chart_1h_rsi,10,357,,,50,,,,,
BTCUSDT,fwd5,chart_1h_range_pctile,10,357,,,50,,,,,
BTCUSDT,fwd5,chart_1h_dist_sma20,10,357,,,50,,,,,
BTCUSDT,fwd5,chart_1h_dist_sma50,10,357,,,50,,,,,
BTCUSDT,fwd5,chart_1h_sma20_slope,10,357,,,50,,,,,
BTCUSDT,fwd5,chart_1h_macd_norm,10,357,,,50,,,,,
BTCUSDT,fwd5,chart_1h_bb_position,10,357,,,50,,,,,
BTCUSDT,fwd5,chart_4h_rsi,10,357,,,50,,,,,
BTCUSDT,fwd5,chart_4h_range_pctile,10,357,,,50,,,,,
BTCUSDT,fwd5,chart_4h_dist_sma20,10,357,,,50,,,,,
BTCUSDT,fwd5,chart_4h_dist_sma50,10,357,,,50,,,,,
BTCUSDT,fwd5,chart_4h_sma20_slope,10,357,,,50,,,,,
BTCUSDT,fwd5,chart_4h_macd_norm,10,357,,,50,,,,,
BTCUSDT,fwd5,chart_4h_bb_position,10,357,,,50,,,,,
BTCUSDT,fwd5,ob_imbalance,10,357,0.5658,0.0794,50,0.56,0.1203,0.4053144651170825,-0.0003135910403287269,-0.009659782167513533
BTCUSDT,fwd5,ob_spread_z,10,357,0.4986,0.1231,50,0.34,-0.0097,0.9469604487315959,-0.005836710295349339,-2.433881653160608e-05
BTCUSDT,fwd5,ob_imb_ma5,10,357,0.5658,0.1613,50,0.42,0.3157,0.0255070514194849,-0.0023221697863219076,-0.003191248028634143
BTCUSDT,fwd5,ob_imb_ma20,10,357,0.6162,0.2775,50,0.74,0.6593,1.921951407937133e-07,0.003912022789597818,-0.009773071901478763
BTCUSDT,fwd5,ob_imb_centered,10,357,0.5658,0.1613,50,0.42,0.3157,0.0255070514194849,-0.0023221697863219076,-0.003191248028634143
BTCUSDT,fwd5,buy_ratio,25,357,0.5266,0.0716,50,0.38,-0.2418,0.09072664694883206,-0.01170594847079828,-0.0026676998223547164
BTCUSDT,fwd5,delta_mom_z,25,357,0.5322,-0.0007,50,0.38,-0.3154,0.025656191028780886,-0.011888815346765082,-0.0024848329463879135
BTCUSDT,fwd5,cvd_slope_z,25,357,0.5042,0.0276,50,0.3,-0.3768,0.006991559066480461,-0.013784419436007375,-0.0005892288571456206
BTCUSDT,fwd5,large_ratio_ma10,25,357,0.4818,-0.0059,50,0.3,-0.4805,0.0004125687878084832,-0.013784419436007375,-0.0005892288571456206
BTCUSDT,fwd5,large_net_z,25,357,0.5098,0.0307,50,0.3,-0.402,0.0038085525048755856,-0.013784419436007375,-0.0005892288571456206
BTCUSDT,fwd5,trade_accel,25,357,0.3866,-0.2899,50,0.54,0.2844,0.04530372123438387,-0.0051875713266647284,-0.009186076966488268
BTCUSDT,fwd5,chart_1h_rsi,25,357,,,50,,,,,
BTCUSDT,fwd5,chart_1h_range_pctile,25,357,,,50,,,,,
BTCUSDT,fwd5,chart_1h_dist_sma20,25,357,,,50,,,,,
BTCUSDT,fwd5,chart_1h_dist_sma50,25,357,,,50,,,,,
BTCUSDT,fwd5,chart_1h_sma20_slope,25,357,,,50,,,,,
BTCUSDT,fwd5,chart_1h_macd_norm,25,357,,,50,,,,,
BTCUSDT,fwd5,chart_1h_bb_position,25,357,,,50,,,,,
BTCUSDT,fwd5,chart_4h_rsi,25,357,,,50,,,,,
BTCUSDT,fwd5,chart_4h_range_pctile,25,357,,,50,,,,,
BTCUSDT,fwd5,chart_4h_dist_sma20,25,357,,,50,,,,,
BTCUSDT,fwd5,chart_4h_dist_sma50,25,357,,,50,,,,,
BTCUSDT,fwd5,chart_4h_sma20_slope,25,357,,,50,,,,,
BTCUSDT,fwd5,chart_4h_macd_norm,25,357,,,50,,,,,
BTCUSDT,fwd5,chart_4h_bb_position,25,357,,,50,,,,,
BTCUSDT,fwd5,ob_imbalance,25,357,0.521,0.046,50,0.52,0.0502,0.728988695232155,-0.004908550499942809,-0.013045242095063128
BTCUSDT,fwd5,ob_spread_z,25,357,0.4818,0.0108,50,0.58,0.0585,0.6863704532652548,-0.005599330353461216,-0.00877431793969178
BTCUSDT,fwd5,ob_imb_ma5,25,357,0.5378,0.1655,50,0.66,0.3971,0.0042972477205136155,-0.0055433457984654785,-0.00789117201005265
BTCUSDT,fwd5,ob_imb_ma20,25,357,0.5602,0.2877,50,0.42,0.0804,0.5787989647677954,-0.008411482090505707,-0.00596216620264729
BTCUSDT,fwd5,ob_imb_centered,25,357,0.5378,0.1655,50,0.66,0.3971,0.0042972477205136155,-0.0055433457984654785,-0.00789117201005265
BTCUSDT,fwd5,buy_ratio,50,357,0.493,0.0072,50,0.56,-0.1604,0.26572487422669183,-0.018980396962738837,-0.0172264295197848
BTCUSDT,fwd5,delta_mom_z,50,357,0.4818,0.01,50,0.56,-0.1953,0.1741026919812443,-0.01879202531236159,-0.017414801170162048
BTCUSDT,fwd5,cvd_slope_z,50,357,0.4762,-0.023,50,0.64,0.0418,0.7730471133840358,-0.016910703775551945,-0.019296122706971692
BTCUSDT,fwd5,large_ratio_ma10,50,357,0.4538,-0.0897,50,0.64,-0.0764,0.597966215493756,-0.016910703775551945,-0.019296122706971692
BTCUSDT,fwd5,large_net_z,50,357,0.4874,-0.0317,50,0.64,0.0273,0.8506017192354086,-0.016910703775551945,-0.019296122706971692
BTCUSDT,fwd5,trade_accel,50,357,0.409,-0.271,50,0.56,0.2818,0.04739077290433424,-0.01575646144390094,-0.020450365038622697
BTCUSDT,fwd5,chart_1h_rsi,50,357,,,50,,,,,
BTCUSDT,fwd5,chart_1h_range_pctile,50,357,,,50,,,,,
BTCUSDT,fwd5,chart_1h_dist_sma20,50,357,,,50,,,,,
BTCUSDT,fwd5,chart_1h_dist_sma50,50,357,,,50,,,,,
BTCUSDT,fwd5,chart_1h_sma20_slope,50,357,,,50,,,,,
BTCUSDT,fwd5,chart_1h_macd_norm,50,357,,,50,,,,,
BTCUSDT,fwd5,chart_1h_bb_position,50,357,,,50,,,,,
BTCUSDT,fwd5,chart_4h_rsi,50,357,,,50,,,,,
BTCUSDT,fwd5,chart_4h_range_pctile,50,357,,,50,,,,,
BTCUSDT,fwd5,chart_4h_dist_sma20,50,357,,,50,,,,,
BTCUSDT,fwd5,chart_4h_dist_sma50,50,357,,,50,,,,,
BTCUSDT,fwd5,chart_4h_sma20_slope,50,357,,,50,,,,,
BTCUSDT,fwd5,chart_4h_macd_norm,50,357,,,50,,,,,
BTCUSDT,fwd5,chart_4h_bb_position,50,357,,,50,,,,,
BTCUSDT,fwd5,ob_imbalance,50,357,0.5378,0.0348,50,0.5,0.0767,0.5963490036630579,-0.014232855665525485,-0.028056275578869534
BTCUSDT,fwd5,ob_spread_z,50,357,0.493,-0.0582,50,0.28,-0.2864,0.04373284673469939,-0.024810595587415277,-0.01139623089510836
BTCUSDT,fwd5,ob_imb_ma5,50,357,0.5322,0.0981,50,0.48,0.2466,0.08421738821888339,-0.026554696377501977,-0.014481434754301751
BTCUSDT,fwd5,ob_imb_ma20,50,357,0.549,0.1604,50,0.72,0.3609,0.010028170295491122,-0.011420051124869332,-0.024786775357654306
BTCUSDT,fwd5,ob_imb_centered,50,357,0.5322,0.0981,50,0.48,0.2466,0.08421738821888339,-0.026554696377501977,-0.014481434754301751
SOLUSDT,fwd1,buy_ratio,10,89,0.5281,0.0031,261,0.5594,0.1244,0.04472514959970904,0.0008553932760815892,-0.0029546163718860707
SOLUSDT,fwd1,delta_mom_z,10,89,0.4583,0.0942,261,0.4981,-0.0956,0.1234527809088303,-0.0006751516276426758,-0.0014357550170451968
SOLUSDT,fwd1,cvd_slope_z,10,89,0.4304,-0.1986,261,0.613,0.1721,0.0053052629151998975,0.001846550584812517,-0.003938207594290808
SOLUSDT,fwd1,large_ratio_ma10,10,89,0.4157,-0.249,261,0.659,0.2705,9.346619817631337e-06,0.0037051816814651596,-0.005782650667304881
SOLUSDT,fwd1,large_net_z,10,89,0.4375,-0.1858,261,0.613,0.1293,0.03683055367992565,0.0016824565418505975,-0.0037753661776110405
SOLUSDT,fwd1,trade_accel,10,89,0.618,0.1793,261,0.4598,-0.1642,0.00785401031913611,-0.0016928311854750649,-0.00042584400545580295
SOLUSDT,fwd1,chart_1h_rsi,10,89,,,261,,,,,
SOLUSDT,fwd1,chart_1h_range_pctile,10,89,,,261,,,,,
SOLUSDT,fwd1,chart_1h_dist_sma20,10,89,,,261,,,,,
SOLUSDT,fwd1,chart_1h_dist_sma50,10,89,,,261,,,,,
SOLUSDT,fwd1,chart_1h_sma20_slope,10,89,,,261,,,,,
SOLUSDT,fwd1,chart_1h_macd_norm,10,89,,,261,,,,,
SOLUSDT,fwd1,chart_1h_bb_position,10,89,,,261,,,,,
SOLUSDT,fwd1,chart_4h_rsi,10,89,,,261,,,,,
SOLUSDT,fwd1,chart_4h_range_pctile,10,89,,,261,,,,,
SOLUSDT,fwd1,chart_4h_dist_sma20,10,89,,,261,,,,,
SOLUSDT,fwd1,chart_4h_dist_sma50,10,89,,,261,,,,,
SOLUSDT,fwd1,chart_4h_sma20_slope,10,89,,,261,,,,,
SOLUSDT,fwd1,chart_4h_macd_norm,10,89,,,261,,,,,
SOLUSDT,fwd1,chart_4h_bb_position,10,89,,,261,,,,,
SOLUSDT,fwd1,ob_imbalance,10,89,0.4607,0.0352,261,0.4866,-0.0164,0.7921795221908722,-0.002006298522528846,0.0002463405279580646
SOLUSDT,fwd1,ob_spread_z,10,89,0.3676,-0.1795,261,0.5824,0.0667,0.28294431871544085,0.002591081080192962,-0.004677054650775219
SOLUSDT,fwd1,ob_imb_ma5,10,89,0.5281,0.0711,261,0.5057,-0.1556,0.011857511717324373,-0.0020461429563338653,-0.00024062062922428326
SOLUSDT,fwd1,ob_imb_ma20,10,89,0.5281,0.0783,261,0.4061,-0.1695,0.006060411921013939,-0.00341955713201355,0.0012877008269869684
SOLUSDT,fwd1,ob_imb_centered,10,89,0.5281,0.0711,261,0.5057,-0.1556,0.011857511717324373,-0.0020461429563338653,-0.00024062062922428326
SOLUSDT,fwd1,buy_ratio,25,89,0.5169,-0.0822,261,0.5594,0.1508,0.014757080471585136,0.001468314855028441,-0.005776902887057545
SOLUSDT,fwd1,delta_mom_z,25,89,0.5278,-0.0418,261,0.567,-0.0489,0.4317779827946393,-0.0007306464871624913,-0.003594727509310818
SOLUSDT,fwd1,cvd_slope_z,25,89,0.6456,-0.0297,261,0.7126,0.2931,1.4506621468518554e-06,0.00662105103017325,-0.01089030519826995
SOLUSDT,fwd1,large_ratio_ma10,25,89,0.5618,-0.0498,261,0.659,0.3252,7.677172014874248e-08,0.007291939889237497,-0.011556072768333706
SOLUSDT,fwd1,large_net_z,25,89,0.6625,0.0632,261,0.6743,0.2249,0.0002489166182679048,0.0060811206942254035,-0.010354496467940028
SOLUSDT,fwd1,trade_accel,25,89,0.427,-0.1462,261,0.4598,-0.0837,0.17768436484586886,-0.0038150101349976777,-0.0005339086221461291
SOLUSDT,fwd1,chart_1h_rsi,25,89,,,261,,,,,
SOLUSDT,fwd1,chart_1h_range_pctile,25,89,,,261,,,,,
SOLUSDT,fwd1,chart_1h_dist_sma20,25,89,,,261,,,,,
SOLUSDT,fwd1,chart_1h_dist_sma50,25,89,,,261,,,,,
SOLUSDT,fwd1,chart_1h_sma20_slope,25,89,,,261,,,,,
SOLUSDT,fwd1,chart_1h_macd_norm,25,89,,,261,,,,,
SOLUSDT,fwd1,chart_1h_bb_position,25,89,,,261,,,,,
SOLUSDT,fwd1,chart_4h_rsi,25,89,,,261,,,,,
SOLUSDT,fwd1,chart_4h_range_pctile,25,89,,,261,,,,,
SOLUSDT,fwd1,chart_4h_dist_sma20,25,89,,,261,,,,,
SOLUSDT,fwd1,chart_4h_dist_sma50,25,89,,,261,,,,,
SOLUSDT,fwd1,chart_4h_sma20_slope,25,89,,,261,,,,,
SOLUSDT,fwd1,chart_4h_macd_norm,25,89,,,261,,,,,
SOLUSDT,fwd1,chart_4h_bb_position,25,89,,,261,,,,,
SOLUSDT,fwd1,ob_imbalance,25,89,0.5169,0.1884,261,0.433,-0.0629,0.3116352241819314,-0.004496869988668515,0.001028491102164589
SOLUSDT,fwd1,ob_spread_z,25,89,0.3824,-0.229,261,0.682,0.2879,2.251830875423241e-06,0.010973351057168557,-0.015209381560937053
SOLUSDT,fwd1,ob_imb_ma5,25,89,0.6067,0.4548,261,0.5057,-0.1314,0.03382480693928007,-0.00442360475196655,-0.00030704885537614066
SOLUSDT,fwd1,ob_imb_ma20,25,89,0.7191,0.6123,261,0.4828,-0.0389,0.5315721010443063,-0.006569602330538111,0.002199656152054299
SOLUSDT,fwd1,ob_imb_centered,25,89,0.6067,0.4548,261,0.5057,-0.1314,0.03382480693928007,-0.00442360475196655,-0.00030704885537614066
SOLUSDT,fwd1,buy_ratio,50,89,0.4944,-0.0477,261,0.5517,0.08,0.19756428422461492,0.0057121320132252395,-0.0034674682125132987
SOLUSDT,fwd1,delta_mom_z,50,89,0.4861,0.1036,261,0.5594,-0.0424,0.4952401283756743,0.0025656402803400664,-0.0003449955004898444
SOLUSDT,fwd1,cvd_slope_z,50,89,0.3924,-0.2952,261,0.6284,0.2863,2.5725592671002e-06,0.014815047636933469,-0.012500895930697035
SOLUSDT,fwd1,large_ratio_ma10,50,89,0.4045,-0.3146,261,0.5824,0.2327,0.00014816394930227805,0.012011012494124314,-0.009718265636306274
SOLUSDT,fwd1,large_net_z,50,89,0.4125,-0.253,261,0.6284,0.2698,9.866494236843651e-06,0.015078917348563481,-0.012762751369719187
SOLUSDT,fwd1,trade_accel,50,89,0.5393,0.244,261,0.4598,-0.1558,0.011733576475666033,-0.005380138323066025,0.007540128304416963
SOLUSDT,fwd1,chart_1h_rsi,50,89,,,261,,,,,
SOLUSDT,fwd1,chart_1h_range_pctile,50,89,,,261,,,,,
SOLUSDT,fwd1,chart_1h_dist_sma20,50,89,,,261,,,,,
SOLUSDT,fwd1,chart_1h_dist_sma50,50,89,,,261,,,,,
SOLUSDT,fwd1,chart_1h_sma20_slope,50,89,,,261,,,,,
SOLUSDT,fwd1,chart_1h_macd_norm,50,89,,,261,,,,,
SOLUSDT,fwd1,chart_1h_bb_position,50,89,,,261,,,,,
SOLUSDT,fwd1,chart_4h_rsi,50,89,,,261,,,,,
SOLUSDT,fwd1,chart_4h_range_pctile,50,89,,,261,,,,,
SOLUSDT,fwd1,chart_4h_dist_sma20,50,89,,,261,,,,,
SOLUSDT,fwd1,chart_4h_dist_sma50,50,89,,,261,,,,,
SOLUSDT,fwd1,chart_4h_sma20_slope,50,89,,,261,,,,,
SOLUSDT,fwd1,chart_4h_macd_norm,50,89,,,261,,,,,
SOLUSDT,fwd1,chart_4h_bb_position,50,89,,,261,,,,,
SOLUSDT,fwd1,ob_imbalance,50,89,0.427,-0.0715,261,0.4789,0.0354,0.5693351857346118,0.0010543417396496133,0.001173938392663158
SOLUSDT,fwd1,ob_spread_z,50,89,0.4559,-0.0785,261,0.7126,0.3459,9.496232684486713e-09,0.026307775180127592,-0.023905892729286626
SOLUSDT,fwd1,ob_imb_ma5,50,89,0.3596,-0.1068,261,0.5977,0.1189,0.055136107676203965,0.010560229864275966,-0.006697680406325352
SOLUSDT,fwd1,ob_imb_ma20,50,89,0.4944,0.2497,261,0.5824,0.3777,2.825055896763627e-10,0.0118374725928674,-0.009546050467120022
SOLUSDT,fwd1,ob_imb_centered,50,89,0.3596,-0.1068,261,0.5977,0.1189,0.055136107676203965,0.010560229864275966,-0.006697680406325352
SOLUSDT,fwd2,buy_ratio,10,200,0.56,0.1477,290,0.5862,0.1373,0.019287411036088418,0.0018637009093194442,-0.0028457794981881436
SOLUSDT,fwd2,delta_mom_z,10,200,0.5131,0.008,290,0.5379,0.0814,0.1665847594353391,0.0006713637239558538,-0.0016534423128245531
SOLUSDT,fwd2,cvd_slope_z,10,200,0.6094,0.1762,290,0.4828,0.0791,0.17894506144461828,-0.00037350178983765257,-0.0006085767990310468
SOLUSDT,fwd2,large_ratio_ma10,10,200,0.56,0.1705,290,0.5172,0.078,0.18515981086943342,0.0004238592639139872,-0.0014059378527826866
SOLUSDT,fwd2,large_net_z,10,200,0.6062,0.1313,290,0.5448,0.16,0.006307333056656823,0.0016672961374736084,-0.002649374726342308
SOLUSDT,fwd2,trade_accel,10,200,0.48,-0.1238,290,0.5793,0.0923,0.11660870203198,0.0015978041299807644,-0.002579882718849464
SOLUSDT,fwd2,chart_1h_rsi,10,200,,,290,,,,,
SOLUSDT,fwd2,chart_1h_range_pctile,10,200,,,290,,,,,
SOLUSDT,fwd2,chart_1h_dist_sma20,10,200,,,290,,,,,
SOLUSDT,fwd2,chart_1h_dist_sma50,10,200,,,290,,,,,
SOLUSDT,fwd2,chart_1h_sma20_slope,10,200,,,290,,,,,
SOLUSDT,fwd2,chart_1h_macd_norm,10,200,,,290,,,,,
SOLUSDT,fwd2,chart_1h_bb_position,10,200,,,290,,,,,
SOLUSDT,fwd2,chart_4h_rsi,10,200,,,290,,,,,
SOLUSDT,fwd2,chart_4h_range_pctile,10,200,,,290,,,,,
SOLUSDT,fwd2,chart_4h_dist_sma20,10,200,,,290,,,,,
SOLUSDT,fwd2,chart_4h_dist_sma50,10,200,,,290,,,,,
SOLUSDT,fwd2,chart_4h_sma20_slope,10,200,,,290,,,,,
SOLUSDT,fwd2,chart_4h_macd_norm,10,200,,,290,,,,,
SOLUSDT,fwd2,chart_4h_bb_position,10,200,,,290,,,,,
SOLUSDT,fwd2,ob_imbalance,10,200,0.44,-0.0462,290,0.5,-0.0325,0.5813576570973391,-0.0009389864684273636,0.00041418728634319904
SOLUSDT,fwd2,ob_spread_z,10,200,0.5864,0.1585,290,0.3931,-0.2636,5.361864019242981e-06,-0.00462449412532546,0.0036424155364567605
SOLUSDT,fwd2,ob_imb_ma5,10,200,0.505,-0.1054,290,0.5172,-0.0205,0.7284404499778121,-0.0004565356045450662,-0.0005255429843236333
SOLUSDT,fwd2,ob_imb_ma20,10,200,0.4,-0.0904,290,0.5793,0.0809,0.16918787698137147,0.0017995626075808918,-0.0027816411964495915
SOLUSDT,fwd2,ob_imb_centered,10,200,0.505,-0.1054,290,0.5172,-0.0205,0.7284404499778121,-0.0004565356045450662,-0.0005255429843236333
SOLUSDT,fwd2,buy_ratio,25,200,0.595,0.1773,290,0.5207,0.0187,0.7510728259683171,0.002548639897036946,0.001275603417344934
SOLUSDT,fwd2,delta_mom_z,25,200,0.6021,0.029,290,0.4793,-0.0701,0.2342735735194854,0.001234100072706488,0.002590143241675392
SOLUSDT,fwd2,cvd_slope_z,25,200,0.7135,0.2775,290,0.4241,-0.1357,0.02083709950297956,-0.0028688877141749823,0.006693131028556862
SOLUSDT,fwd2,large_ratio_ma10,25,200,0.625,0.2157,290,0.4241,-0.1302,0.026562903189220142,-0.0030273859888105027,0.006851629303192382
SOLUSDT,fwd2,large_net_z,25,200,0.6839,0.21,290,0.4241,-0.1034,0.07880906876706889,-0.0024221224828887586,0.006246365797270639
SOLUSDT,fwd2,trade_accel,25,200,0.445,-0.0613,290,0.4724,-0.0584,0.3218457370432518,-4.343992445674439e-05,0.0038676832388386245
SOLUSDT,fwd2,chart_1h_rsi,25,200,,,290,,,,,
SOLUSDT,fwd2,chart_1h_range_pctile,25,200,,,290,,,,,
SOLUSDT,fwd2,chart_1h_dist_sma20,25,200,,,290,,,,,
SOLUSDT,fwd2,chart_1h_dist_sma50,25,200,,,290,,,,,
SOLUSDT,fwd2,chart_1h_sma20_slope,25,200,,,290,,,,,
SOLUSDT,fwd2,chart_1h_macd_norm,25,200,,,290,,,,,
SOLUSDT,fwd2,chart_1h_bb_position,25,200,,,290,,,,,
SOLUSDT,fwd2,chart_4h_rsi,25,200,,,290,,,,,
SOLUSDT,fwd2,chart_4h_range_pctile,25,200,,,290,,,,,
SOLUSDT,fwd2,chart_4h_dist_sma20,25,200,,,290,,,,,
SOLUSDT,fwd2,chart_4h_dist_sma50,25,200,,,290,,,,,
SOLUSDT,fwd2,chart_4h_sma20_slope,25,200,,,290,,,,,
SOLUSDT,fwd2,chart_4h_macd_norm,25,200,,,290,,,,,
SOLUSDT,fwd2,chart_4h_bb_position,25,200,,,290,,,,,
SOLUSDT,fwd2,ob_imbalance,25,200,0.425,-0.0723,290,0.4828,0.0051,0.9311079055661593,0.0006548675887269537,0.004452822587211912
SOLUSDT,fwd2,ob_spread_z,25,200,0.644,0.3041,290,0.369,-0.3019,1.5931597523427908e-07,-0.008359619589915383,0.012183862904297262
SOLUSDT,fwd2,ob_imb_ma5,25,200,0.48,-0.1403,290,0.5621,0.0472,0.42308734120682767,0.003959778070915722,-0.00013553475653384206
SOLUSDT,fwd2,ob_imb_ma20,25,200,0.425,-0.1202,290,0.6655,0.3675,1.055063435507491e-10,0.010318928202759314,-0.006494684888377435
SOLUSDT,fwd2,ob_imb_centered,25,200,0.48,-0.1403,290,0.5621,0.0472,0.42308734120682767,0.003959778070915722,-0.00013553475653384206
SOLUSDT,fwd2,buy_ratio,50,200,0.57,0.1235,290,0.5034,0.0292,0.6200491146388499,0.006721795631480609,0.005868179257969064
SOLUSDT,fwd2,delta_mom_z,50,200,0.5445,0.0548,290,0.5034,-0.0611,0.2994480756700613,0.0055663081440606,0.007023666745389075
SOLUSDT,fwd2,cvd_slope_z,50,200,0.7083,0.3245,290,0.4414,-0.0962,0.10223081462720272,0.0022753684182171027,0.010314606471232573
SOLUSDT,fwd2,large_ratio_ma10,50,200,0.63,0.179,290,0.4207,-0.1192,0.04259764577422852,0.0012711925224915602,0.011318782366958116
SOLUSDT,fwd2,large_net_z,50,200,0.7202,0.3114,290,0.4345,-0.0914,0.12046381418016443,0.0019559757736378643,0.010633999115811813
SOLUSDT,fwd2,trade_accel,50,200,0.46,-0.0694,290,0.4966,0.023,0.6961862139021142,0.00668385798574448,0.005906116903705195
SOLUSDT,fwd2,chart_1h_rsi,50,200,,,290,,,,,
SOLUSDT,fwd2,chart_1h_range_pctile,50,200,,,290,,,,,
SOLUSDT,fwd2,chart_1h_dist_sma20,50,200,,,290,,,,,
SOLUSDT,fwd2,chart_1h_dist_sma50,50,200,,,290,,,,,
SOLUSDT,fwd2,chart_1h_sma20_slope,50,200,,,290,,,,,
SOLUSDT,fwd2,chart_1h_macd_norm,50,200,,,290,,,,,
SOLUSDT,fwd2,chart_1h_bb_position,50,200,,,290,,,,,
SOLUSDT,fwd2,chart_4h_rsi,50,200,,,290,,,,,
SOLUSDT,fwd2,chart_4h_range_pctile,50,200,,,290,,,,,
SOLUSDT,fwd2,chart_4h_dist_sma20,50,200,,,290,,,,,
SOLUSDT,fwd2,chart_4h_dist_sma50,50,200,,,290,,,,,
SOLUSDT,fwd2,chart_4h_sma20_slope,50,200,,,290,,,,,
SOLUSDT,fwd2,chart_4h_macd_norm,50,200,,,290,,,,,
SOLUSDT,fwd2,chart_4h_bb_position,50,200,,,290,,,,,
SOLUSDT,fwd2,ob_imbalance,50,200,0.46,0.042,290,0.4862,0.1043,0.07631307891324057,0.006371088027012622,0.006141200851351604
SOLUSDT,fwd2,ob_spread_z,50,200,0.5654,0.3137,290,0.4759,-0.1554,0.008036018542213783,-0.004587268210465582,0.017177243099915255
SOLUSDT,fwd2,ob_imb_ma5,50,200,0.605,0.1053,290,0.5586,0.1618,0.005747807339811495,0.013333755297992385,-0.0007437804085427131
SOLUSDT,fwd2,ob_imb_ma20,50,200,0.55,0.3059,290,0.5793,0.2609,6.732349709901936e-06,0.016154182822423924,-0.003564207932974252
SOLUSDT,fwd2,ob_imb_centered,50,200,0.605,0.1053,290,0.5586,0.1618,0.005747807339811495,0.013333755297992385,-0.0007437804085427131
SOLUSDT,fwd3,buy_ratio,10,357,0.5798,0.1622,110,0.5091,0.1401,0.14420368627905952,-0.003359672813894201,-0.004620315043191013
SOLUSDT,fwd3,delta_mom_z,10,357,0.5455,0.0924,110,0.5455,-0.013,0.8926494481732371,-0.003933140939570052,-0.004046846917515163
SOLUSDT,fwd3,cvd_slope_z,10,357,0.5455,0.131,110,0.4909,-0.0947,0.3252306411351624,-0.004875347267652154,-0.0031046405894330597
SOLUSDT,fwd3,large_ratio_ma10,10,357,0.5574,0.109,110,0.5455,0.0645,0.5029703367940516,-0.003763230502004073,-0.004216757355081141
SOLUSDT,fwd3,large_net_z,10,357,0.5552,0.1346,110,0.5091,-0.0224,0.8165270734873737,-0.004345866032134937,-0.003634121824950277
SOLUSDT,fwd3,trade_accel,10,357,0.5406,0.0426,110,0.5273,0.175,0.06746604046519453,-0.003213757749901423,-0.004766230107183792
SOLUSDT,fwd3,chart_1h_rsi,10,357,,,110,,,,,
SOLUSDT,fwd3,chart_1h_range_pctile,10,357,,,110,,,,,
SOLUSDT,fwd3,chart_1h_dist_sma20,10,357,,,110,,,,,
SOLUSDT,fwd3,chart_1h_dist_sma50,10,357,,,110,,,,,
SOLUSDT,fwd3,chart_1h_sma20_slope,10,357,,,110,,,,,
SOLUSDT,fwd3,chart_1h_macd_norm,10,357,,,110,,,,,
SOLUSDT,fwd3,chart_1h_bb_position,10,357,,,110,,,,,
SOLUSDT,fwd3,chart_4h_rsi,10,357,,,110,,,,,
SOLUSDT,fwd3,chart_4h_range_pctile,10,357,,,110,,,,,
SOLUSDT,fwd3,chart_4h_dist_sma20,10,357,,,110,,,,,
SOLUSDT,fwd3,chart_4h_dist_sma50,10,357,,,110,,,,,
SOLUSDT,fwd3,chart_4h_sma20_slope,10,357,,,110,,,,,
SOLUSDT,fwd3,chart_4h_macd_norm,10,357,,,110,,,,,
SOLUSDT,fwd3,chart_4h_bb_position,10,357,,,110,,,,,
SOLUSDT,fwd3,ob_imbalance,10,357,0.4426,-0.0348,110,0.5,0.0114,0.9060767763789095,-0.0033792254331647406,-0.004578949263371264
SOLUSDT,fwd3,ob_spread_z,10,357,0.5,-0.0289,110,0.3636,-0.1243,0.19563286766949414,-0.006223116291737473,-0.0017568715653477416
SOLUSDT,fwd3,ob_imb_ma5,10,357,0.5266,-0.0626,110,0.5273,0.1175,0.22158997878630443,-0.0021290911633260125,-0.005850896693759202
SOLUSDT,fwd3,ob_imb_ma20,10,357,0.5294,0.0369,110,0.4545,-0.1314,0.17131901900648908,-0.003913441026425766,-0.004066546830659448
SOLUSDT,fwd3,ob_imb_centered,10,357,0.5266,-0.0626,110,0.5273,0.1175,0.22158997878630443,-0.0021290911633260125,-0.005850896693759202
SOLUSDT,fwd3,buy_ratio,25,357,0.5742,0.1242,110,0.5091,0.0827,0.39040811622714305,-0.007611547998219794,-0.007958713001702734
SOLUSDT,fwd3,delta_mom_z,25,357,0.5114,-0.019,110,0.5455,0.0039,0.9675990488201989,-0.005697669737249544,-0.009872591262672984
SOLUSDT,fwd3,cvd_slope_z,25,357,0.5227,0.0402,110,0.6,0.1313,0.1714673084545685,-0.007627234051414595,-0.007943026948507933
SOLUSDT,fwd3,large_ratio_ma10,25,357,0.4958,0.0287,110,0.6727,0.2873,0.0023422110320198038,-0.004370985923278044,-0.011199275076644484
SOLUSDT,fwd3,large_net_z,25,357,0.5014,0.0132,110,0.6182,0.1948,0.04143034035694961,-0.005870405745063658,-0.00969985525485887
SOLUSDT,fwd3,trade_accel,25,357,0.4566,-0.0696,110,0.5091,0.2415,0.011037305587732178,-0.005458861020012727,-0.010111399979909801
SOLUSDT,fwd3,chart_1h_rsi,25,357,,,110,,,,,
SOLUSDT,fwd3,chart_1h_range_pctile,25,357,,,110,,,,,
SOLUSDT,fwd3,chart_1h_dist_sma20,25,357,,,110,,,,,
SOLUSDT,fwd3,chart_1h_dist_sma50,25,357,,,110,,,,,
SOLUSDT,fwd3,chart_1h_sma20_slope,25,357,,,110,,,,,
SOLUSDT,fwd3,chart_1h_macd_norm,25,357,,,110,,,,,
SOLUSDT,fwd3,chart_1h_bb_position,25,357,,,110,,,,,
SOLUSDT,fwd3,chart_4h_rsi,25,357,,,110,,,,,
SOLUSDT,fwd3,chart_4h_range_pctile,25,357,,,110,,,,,
SOLUSDT,fwd3,chart_4h_dist_sma20,25,357,,,110,,,,,
SOLUSDT,fwd3,chart_4h_dist_sma50,25,357,,,110,,,,,
SOLUSDT,fwd3,chart_4h_sma20_slope,25,357,,,110,,,,,
SOLUSDT,fwd3,chart_4h_macd_norm,25,357,,,110,,,,,
SOLUSDT,fwd3,chart_4h_bb_position,25,357,,,110,,,,,
SOLUSDT,fwd3,ob_imbalance,25,357,0.4426,-0.0309,110,0.4636,0.026,0.7877728804359446,-0.007791325506474944,-0.007779156743680216
SOLUSDT,fwd3,ob_spread_z,25,357,0.4886,-0.0216,110,0.2182,-0.4544,6.15850570353905e-07,-0.01834583314087191,0.0027755721409493854
SOLUSDT,fwd3,ob_imb_ma5,25,357,0.549,0.0065,110,0.5455,0.1795,0.060661440454016724,-0.005419555092849627,-0.0101507059070729
SOLUSDT,fwd3,ob_imb_ma20,25,357,0.5742,0.1975,110,0.4727,-0.3354,0.0003410139062733919,-0.010233601866773903,-0.005336659133148625
SOLUSDT,fwd3,ob_imb_centered,25,357,0.549,0.0065,110,0.5455,0.1795,0.060661440454016724,-0.005419555092849627,-0.0101507059070729
SOLUSDT,fwd3,buy_ratio,50,357,0.535,0.0769,110,0.5091,0.0382,0.6923046905322285,-0.0190883789227662,-0.019473350949816358
SOLUSDT,fwd3,delta_mom_z,50,357,0.5227,-0.0127,110,0.4727,-0.1164,0.22601311050817402,-0.01984563117239933,-0.018716098700183238
SOLUSDT,fwd3,cvd_slope_z,50,357,0.5511,0.107,110,0.4909,-0.0998,0.2996212571856146,-0.02186762780816021,-0.016694102064422355
SOLUSDT,fwd3,large_ratio_ma10,50,357,0.535,0.0632,110,0.5455,0.0051,0.9577637358124572,-0.017920298092085358,-0.020641431780497207
SOLUSDT,fwd3,large_net_z,50,357,0.5297,0.098,110,0.5091,-0.0855,0.37423050078185727,-0.02042982398878432,-0.01813190588379824
SOLUSDT,fwd3,trade_accel,50,357,0.5014,0.0534,110,0.6182,0.2599,0.006114574756771454,-0.01407066834318671,-0.02449106152939585
SOLUSDT,fwd3,chart_1h_rsi,50,357,,,110,,,,,
SOLUSDT,fwd3,chart_1h_range_pctile,50,357,,,110,,,,,
SOLUSDT,fwd3,chart_1h_dist_sma20,50,357,,,110,,,,,
SOLUSDT,fwd3,chart_1h_dist_sma50,50,357,,,110,,,,,
SOLUSDT,fwd3,chart_1h_sma20_slope,50,357,,,110,,,,,
SOLUSDT,fwd3,chart_1h_macd_norm,50,357,,,110,,,,,
SOLUSDT,fwd3,chart_1h_bb_position,50,357,,,110,,,,,
SOLUSDT,fwd3,chart_4h_rsi,50,357,,,110,,,,,
SOLUSDT,fwd3,chart_4h_range_pctile,50,357,,,110,,,,,
SOLUSDT,fwd3,chart_4h_dist_sma20,50,357,,,110,,,,,
SOLUSDT,fwd3,chart_4h_dist_sma50,50,357,,,110,,,,,
SOLUSDT,fwd3,chart_4h_sma20_slope,50,357,,,110,,,,,
SOLUSDT,fwd3,chart_4h_macd_norm,50,357,,,110,,,,,
SOLUSDT,fwd3,chart_4h_bb_position,50,357,,,110,,,,,
SOLUSDT,fwd3,ob_imbalance,50,357,0.465,0.106,110,0.4091,-0.1199,0.21233393382478513,-0.024340575347198638,-0.014401858468630614
SOLUSDT,fwd3,ob_spread_z,50,357,0.5,-0.012,110,0.2909,-0.6193,5.501457383490336e-13,-0.035933811167628435,-0.0026279187049541414
SOLUSDT,fwd3,ob_imb_ma5,50,357,0.605,0.2098,110,0.4909,-0.0415,0.6670016051787344,-0.019660345632551268,-0.01890138424003129
SOLUSDT,fwd3,ob_imb_ma20,50,357,0.5798,0.3129,110,0.4364,-0.4547,6.03720753915807e-07,-0.02499518052757748,-0.013566549345005082
SOLUSDT,fwd3,ob_imb_centered,50,357,0.605,0.2098,110,0.4909,-0.0415,0.6670016051787344,-0.019660345632551268,-0.01890138424003129
SOLUSDT,fwd4,buy_ratio,10,469,0.5757,0.1628,81,0.5309,0.0236,0.8343497171898625,0.007288277911812626,0.007471290149580199
SOLUSDT,fwd4,delta_mom_z,10,469,0.5453,0.0724,81,0.6296,0.1806,0.106604327246381,0.011360646165682359,0.0034982479506829
SOLUSDT,fwd4,cvd_slope_z,10,469,0.5323,0.0809,81,0.4568,-0.3155,0.0041182812354068855,0.0034960350992560758,0.011171039235001226
SOLUSDT,fwd4,large_ratio_ma10,10,469,0.5458,0.0932,81,0.4568,-0.2802,0.011292290538552425,0.0038545369952316666,0.010821281287707965
SOLUSDT,fwd4,large_net_z,10,469,0.5398,0.0983,81,0.4568,-0.3169,0.00394403855745881,0.0036054234687211443,0.011064318874547499
SOLUSDT,fwd4,trade_accel,10,469,0.533,0.0588,81,0.3333,-0.3284,0.00276424426719544,0.0013169597291501274,0.013296966425348491
SOLUSDT,fwd4,chart_1h_rsi,10,469,,,81,,,,,
SOLUSDT,fwd4,chart_1h_range_pctile,10,469,,,81,,,,,
SOLUSDT,fwd4,chart_1h_dist_sma20,10,469,,,81,,,,,
SOLUSDT,fwd4,chart_1h_dist_sma50,10,469,,,81,,,,,
SOLUSDT,fwd4,chart_1h_sma20_slope,10,469,,,81,,,,,
SOLUSDT,fwd4,chart_1h_macd_norm,10,469,,,81,,,,,
SOLUSDT,fwd4,chart_1h_bb_position,10,469,,,81,,,,,
SOLUSDT,fwd4,chart_4h_rsi,10,469,,,81,,,,,
SOLUSDT,fwd4,chart_4h_range_pctile,10,469,,,81,,,,,
SOLUSDT,fwd4,chart_4h_dist_sma20,10,469,,,81,,,,,
SOLUSDT,fwd4,chart_4h_dist_sma50,10,469,,,81,,,,,
SOLUSDT,fwd4,chart_4h_sma20_slope,10,469,,,81,,,,,
SOLUSDT,fwd4,chart_4h_macd_norm,10,469,,,81,,,,,
SOLUSDT,fwd4,chart_4h_bb_position,10,469,,,81,,,,,
SOLUSDT,fwd4,ob_imbalance,10,469,0.4584,-0.0185,81,0.5309,-0.0433,0.7008478111056554,0.00782691879914203,0.007024109685248447
SOLUSDT,fwd4,ob_spread_z,10,469,0.4461,-0.0521,81,0.5802,0.5218,5.877499050696138e-07,0.013583484291208375,0.0013296253891941035
SOLUSDT,fwd4,ob_imb_ma5,10,469,0.533,-0.0186,81,0.6543,0.15,0.18121258350505745,0.0119673071464013,0.002906383579249785
SOLUSDT,fwd4,ob_imb_ma20,10,469,0.4947,0.032,81,0.6543,0.3451,0.0016061569842089772,0.012761354145750187,0.002131703579885019
SOLUSDT,fwd4,ob_imb_centered,10,469,0.533,-0.0186,81,0.6543,0.15,0.18121258350505745,0.0119673071464013,0.002906383579249785
SOLUSDT,fwd4,buy_ratio,25,469,0.5757,0.1237,81,0.5185,-0.022,0.8457736438206246,0.01144071211718602,0.015488687881064993
SOLUSDT,fwd4,delta_mom_z,25,469,0.5194,-0.0039,81,0.4691,-0.1645,0.14235276665369545,0.009949039931351027,0.016943977818464986
SOLUSDT,fwd4,cvd_slope_z,25,469,0.5453,0.0682,81,0.2963,-0.5361,2.498729620505256e-07,0.0027427988534647037,0.023974456918841886
SOLUSDT,fwd4,large_ratio_ma10,25,469,0.5373,0.0852,81,0.3704,-0.4086,0.00015262165927601296,0.003995246348701414,0.022752556923488997
SOLUSDT,fwd4,large_net_z,25,469,0.5247,0.0589,81,0.2963,-0.5475,1.2278682397705684e-07,0.002314784865154418,0.02439203154158363
SOLUSDT,fwd4,trade_accel,25,469,0.4648,-0.0172,81,0.4198,-0.3156,0.004101396473552963,0.005268693236529581,0.021510169715851762
SOLUSDT,fwd4,chart_1h_rsi,25,469,,,81,,,,,
SOLUSDT,fwd4,chart_1h_range_pctile,25,469,,,81,,,,,
SOLUSDT,fwd4,chart_1h_dist_sma20,25,469,,,81,,,,,
SOLUSDT,fwd4,chart_1h_dist_sma50,25,469,,,81,,,,,
SOLUSDT,fwd4,chart_1h_sma20_slope,25,469,,,81,,,,,
SOLUSDT,fwd4,chart_1h_macd_norm,25,469,,,81,,,,,
SOLUSDT,fwd4,chart_1h_bb_position,25,469,,,81,,,,,
SOLUSDT,fwd4,chart_4h_rsi,25,469,,,81,,,,,
SOLUSDT,fwd4,chart_4h_range_pctile,25,469,,,81,,,,,
SOLUSDT,fwd4,chart_4h_dist_sma20,25,469,,,81,,,,,
SOLUSDT,fwd4,chart_4h_dist_sma50,25,469,,,81,,,,,
SOLUSDT,fwd4,chart_4h_sma20_slope,25,469,,,81,,,,,
SOLUSDT,fwd4,chart_4h_macd_norm,25,469,,,81,,,,,
SOLUSDT,fwd4,chart_4h_bb_position,25,469,,,81,,,,,
SOLUSDT,fwd4,ob_imbalance,25,469,0.4499,-0.0166,81,0.4938,0.1114,0.3221800812239012,0.017329698906266056,0.01041767838190061
SOLUSDT,fwd4,ob_spread_z,25,469,0.3987,-0.1327,81,0.5432,0.5272,4.2816663992459664e-07,0.02174505508218657,0.005435670354235186
SOLUSDT,fwd4,ob_imb_ma5,25,469,0.5544,0.0436,81,0.6173,0.3454,0.0015892710278195721,0.020131611593983027,0.007009761562238645
SOLUSDT,fwd4,ob_imb_ma20,25,469,0.5586,0.1291,81,0.4691,-0.1211,0.28134803155165,0.012078701721140474,0.014866258999158206
SOLUSDT,fwd4,ob_imb_centered,25,469,0.5544,0.0436,81,0.6173,0.3454,0.0015892710278195721,0.020131611593983027,0.007009761562238645
SOLUSDT,fwd4,buy_ratio,50,469,0.5501,0.0853,81,0.5185,0.0108,0.9239597282105477,0.026005675249290882,0.024308730683894764
SOLUSDT,fwd4,delta_mom_z,50,469,0.5108,-0.0111,81,0.5185,-0.1059,0.3466605631138187,0.024652549035909025,0.02562885381890146
SOLUSDT,fwd4,cvd_slope_z,50,469,0.5409,0.1045,81,0.4198,-0.2196,0.04888277650914351,0.021829570368421154,0.028382979348157915
SOLUSDT,fwd4,large_ratio_ma10,50,469,0.5416,0.0936,81,0.4198,-0.1128,0.31602061889984756,0.023297964839696057,0.026950399376182405
SOLUSDT,fwd4,large_net_z,50,469,0.5204,0.0955,81,0.4198,-0.2453,0.027325796133346045,0.02164114977892712,0.028566804313517956
SOLUSDT,fwd4,trade_accel,50,469,0.5245,0.0884,81,0.4691,-0.2987,0.006753273364911313,0.018080949900698404,0.03204017004837524
SOLUSDT,fwd4,chart_1h_rsi,50,469,,,81,,,,,
SOLUSDT,fwd4,chart_1h_range_pctile,50,469,,,81,,,,,
SOLUSDT,fwd4,chart_1h_dist_sma20,50,469,,,81,,,,,
SOLUSDT,fwd4,chart_1h_dist_sma50,50,469,,,81,,,,,
SOLUSDT,fwd4,chart_1h_sma20_slope,50,469,,,81,,,,,
SOLUSDT,fwd4,chart_1h_macd_norm,50,469,,,81,,,,,
SOLUSDT,fwd4,chart_1h_bb_position,50,469,,,81,,,,,
SOLUSDT,fwd4,chart_4h_rsi,50,469,,,81,,,,,
SOLUSDT,fwd4,chart_4h_range_pctile,50,469,,,81,,,,,
SOLUSDT,fwd4,chart_4h_dist_sma20,50,469,,,81,,,,,
SOLUSDT,fwd4,chart_4h_dist_sma50,50,469,,,81,,,,,
SOLUSDT,fwd4,chart_4h_sma20_slope,50,469,,,81,,,,,
SOLUSDT,fwd4,chart_4h_macd_norm,50,469,,,81,,,,,
SOLUSDT,fwd4,chart_4h_bb_position,50,469,,,81,,,,,
SOLUSDT,fwd4,ob_imbalance,50,469,0.4542,0.0511,81,0.5432,0.1318,0.24090909698638566,0.03134653789051532,0.020186880087839313
SOLUSDT,fwd4,ob_spread_z,50,469,0.4246,-0.1631,81,0.5926,0.5087,1.2406160714147963e-06,0.03423626998552413,0.01627888216074038
SOLUSDT,fwd4,ob_imb_ma5,50,469,0.5842,0.1558,81,0.642,0.3942,0.00027099736221770546,0.035516012152731403,0.015030353217123532
SOLUSDT,fwd4,ob_imb_ma20,50,469,0.5672,0.2311,81,0.6173,0.2824,0.010635709482686282,0.03272884151733776,0.017749544080922205
SOLUSDT,fwd4,ob_imb_centered,50,469,0.5842,0.1558,81,0.642,0.3942,0.00027099736221770546,0.035516012152731403,0.015030353217123532
SOLUSDT,fwd5,buy_ratio,10,578,0.5779,0.1631,84,0.5595,-0.0049,0.9650052904763061,-0.0059006014873740934,-0.00680099074612045
SOLUSDT,fwd5,delta_mom_z,10,578,0.562,0.1059,84,0.4881,-0.2486,0.02258332694278052,-0.006363450255088913,-0.00633814197840563
SOLUSDT,fwd5,cvd_slope_z,10,578,0.5375,0.0686,84,0.3929,-0.2373,0.02977612678428145,-0.008001827817874306,-0.004699764415620237
SOLUSDT,fwd5,large_ratio_ma10,10,578,0.5536,0.0841,84,0.369,-0.3136,0.0036800623453779064,-0.009405204145867768,-0.0032963880876267755
SOLUSDT,fwd5,large_net_z,10,578,0.5523,0.0856,84,0.4167,-0.3127,0.0037787944585919385,-0.007630860259354285,-0.005070731974140258
SOLUSDT,fwd5,trade_accel,10,578,0.5052,0.0049,84,0.6071,0.1807,0.09998568196120663,-0.003479122805355704,-0.009222469428138839
SOLUSDT,fwd5,chart_1h_rsi,10,578,,,84,,,,,
SOLUSDT,fwd5,chart_1h_range_pctile,10,578,,,84,,,,,
SOLUSDT,fwd5,chart_1h_dist_sma20,10,578,,,84,,,,,
SOLUSDT,fwd5,chart_1h_dist_sma50,10,578,,,84,,,,,
SOLUSDT,fwd5,chart_1h_sma20_slope,10,578,,,84,,,,,
SOLUSDT,fwd5,chart_1h_macd_norm,10,578,,,84,,,,,
SOLUSDT,fwd5,chart_1h_bb_position,10,578,,,84,,,,,
SOLUSDT,fwd5,chart_4h_rsi,10,578,,,84,,,,,
SOLUSDT,fwd5,chart_4h_range_pctile,10,578,,,84,,,,,
SOLUSDT,fwd5,chart_4h_dist_sma20,10,578,,,84,,,,,
SOLUSDT,fwd5,chart_4h_dist_sma50,10,578,,,84,,,,,
SOLUSDT,fwd5,chart_4h_sma20_slope,10,578,,,84,,,,,
SOLUSDT,fwd5,chart_4h_macd_norm,10,578,,,84,,,,,
SOLUSDT,fwd5,chart_4h_bb_position,10,578,,,84,,,,,
SOLUSDT,fwd5,ob_imbalance,10,578,0.4706,-0.0415,84,0.5714,0.0743,0.5020377695091874,-0.004999712427211785,-0.007639038704443898
SOLUSDT,fwd5,ob_spread_z,10,578,0.5061,0.0526,84,0.5833,0.2478,0.023023916821047923,-0.003624253156877958,-0.009077339076616585
SOLUSDT,fwd5,ob_imb_ma5,10,578,0.5121,-0.0154,84,0.5833,0.0699,0.527626921208934,-0.0060536791456770175,-0.006647913087817526
SOLUSDT,fwd5,ob_imb_ma20,10,578,0.4706,-0.0106,84,0.5357,0.0754,0.4952890445518231,-0.004416361699541143,-0.0082852305339534
SOLUSDT,fwd5,ob_imb_centered,10,578,0.5121,-0.0154,84,0.5833,0.0699,0.527626921208934,-0.0060536791456770175,-0.006647913087817526
SOLUSDT,fwd5,buy_ratio,25,578,0.5657,0.1131,84,0.5357,0.1039,0.3469505057066374,-0.002618618557954631,-0.00817286127949522
SOLUSDT,fwd5,delta_mom_z,25,578,0.5079,-0.0294,84,0.5833,0.024,0.8284771970246451,-0.0028094007035895374,-0.007982079133860313
SOLUSDT,fwd5,cvd_slope_z,25,578,0.5393,0.0287,84,0.4643,-0.402,0.00015024877524016282,-0.012400894756647407,0.0016094149191975562
SOLUSDT,fwd5,large_ratio_ma10,25,578,0.5277,0.0556,84,0.3929,-0.4782,4.210444209492256e-06,-0.014059170610865672,0.003267690773415821
SOLUSDT,fwd5,large_net_z,25,578,0.5209,0.0177,84,0.4643,-0.3884,0.0002614118284456322,-0.012175175959488603,0.0013836961220387526
SOLUSDT,fwd5,trade_accel,25,578,0.455,-0.0529,84,0.5833,0.3221,0.0028104393049806164,-0.0003615218011905288,-0.010429958036259322
SOLUSDT,fwd5,chart_1h_rsi,25,578,,,84,,,,,
SOLUSDT,fwd5,chart_1h_range_pctile,25,578,,,84,,,,,
SOLUSDT,fwd5,chart_1h_dist_sma20,25,578,,,84,,,,,
SOLUSDT,fwd5,chart_1h_dist_sma50,25,578,,,84,,,,,
SOLUSDT,fwd5,chart_1h_sma20_slope,25,578,,,84,,,,,
SOLUSDT,fwd5,chart_1h_macd_norm,25,578,,,84,,,,,
SOLUSDT,fwd5,chart_1h_bb_position,25,578,,,84,,,,,
SOLUSDT,fwd5,chart_4h_rsi,25,578,,,84,,,,,
SOLUSDT,fwd5,chart_4h_range_pctile,25,578,,,84,,,,,
SOLUSDT,fwd5,chart_4h_dist_sma20,25,578,,,84,,,,,
SOLUSDT,fwd5,chart_4h_dist_sma50,25,578,,,84,,,,,
SOLUSDT,fwd5,chart_4h_sma20_slope,25,578,,,84,,,,,
SOLUSDT,fwd5,chart_4h_macd_norm,25,578,,,84,,,,,
SOLUSDT,fwd5,chart_4h_bb_position,25,578,,,84,,,,,
SOLUSDT,fwd5,ob_imbalance,25,578,0.4619,-0.0176,84,0.5952,0.1369,0.21416390681571934,-0.002667193265273716,-0.007997377425503986
SOLUSDT,fwd5,ob_spread_z,25,578,0.4346,-0.0209,84,0.6071,0.1356,0.21869718777449343,-0.004803811961734993,-0.005987667875714859
SOLUSDT,fwd5,ob_imb_ma5,25,578,0.5138,0.0318,84,0.5357,0.1264,0.25193168769014673,-0.0036805769515097005,-0.00711090288594015
SOLUSDT,fwd5,ob_imb_ma20,25,578,0.5138,0.0149,84,0.6071,0.1956,0.0746208978871674,-0.003408843535006206,-0.0073826363024436445
SOLUSDT,fwd5,ob_imb_centered,25,578,0.5138,0.0318,84,0.5357,0.1264,0.25193168769014673,-0.0036805769515097005,-0.00711090288594015
SOLUSDT,fwd5,buy_ratio,50,578,0.5536,0.0991,84,0.4524,-0.1197,0.27807715683616757,0.005327532194362896,0.007927280092251566
SOLUSDT,fwd5,delta_mom_z,50,578,0.5201,-0.0085,84,0.5238,-0.1229,0.2652618137390692,0.007418833648538789,0.0058359786380756725
SOLUSDT,fwd5,cvd_slope_z,50,578,0.5445,0.1208,84,0.4524,-0.3286,0.0022748654611649114,-0.004013286745823051,0.017268099032437513
SOLUSDT,fwd5,large_ratio_ma10,50,578,0.5398,0.1157,84,0.4048,-0.3094,0.004182119640281555,-0.005063636398616038,0.0183184486852305
SOLUSDT,fwd5,large_net_z,50,578,0.5436,0.1087,84,0.4524,-0.3448,0.001320423563347636,-0.0037293930971855865,0.01698420538380005
SOLUSDT,fwd5,trade_accel,50,578,0.5121,0.0305,84,0.5714,0.3503,0.001087339389529376,0.016608113340362635,-0.0033533010537481716
SOLUSDT,fwd5,chart_1h_rsi,50,578,,,84,,,,,
SOLUSDT,fwd5,chart_1h_range_pctile,50,578,,,84,,,,,
SOLUSDT,fwd5,chart_1h_dist_sma20,50,578,,,84,,,,,
SOLUSDT,fwd5,chart_1h_dist_sma50,50,578,,,84,,,,,
SOLUSDT,fwd5,chart_1h_sma20_slope,50,578,,,84,,,,,
SOLUSDT,fwd5,chart_1h_macd_norm,50,578,,,84,,,,,
SOLUSDT,fwd5,chart_1h_bb_position,50,578,,,84,,,,,
SOLUSDT,fwd5,chart_4h_rsi,50,578,,,84,,,,,
SOLUSDT,fwd5,chart_4h_range_pctile,50,578,,,84,,,,,
SOLUSDT,fwd5,chart_4h_dist_sma20,50,578,,,84,,,,,
SOLUSDT,fwd5,chart_4h_dist_sma50,50,578,,,84,,,,,
SOLUSDT,fwd5,chart_4h_sma20_slope,50,578,,,84,,,,,
SOLUSDT,fwd5,chart_4h_macd_norm,50,578,,,84,,,,,
SOLUSDT,fwd5,chart_4h_bb_position,50,578,,,84,,,,,
SOLUSDT,fwd5,ob_imbalance,50,578,0.4637,0.0279,84,0.4881,0.0253,0.8193628799460074,0.008280821823324708,0.005050893518174288
SOLUSDT,fwd5,ob_spread_z,50,578,0.4887,-0.0554,84,0.3571,-0.323,0.0027328898702527783,-0.005507121120330744,0.018761933406945205
SOLUSDT,fwd5,ob_imb_ma5,50,578,0.5398,0.1221,84,0.4286,-0.1448,0.18891191915299765,0.00368468600381336,0.009570126282801102
SOLUSDT,fwd5,ob_imb_ma20,50,578,0.5467,0.1274,84,0.4524,-0.1999,0.06825997403604803,0.0006575296307047615,0.0125972826559097
SOLUSDT,fwd5,ob_imb_centered,50,578,0.5398,0.1221,84,0.4286,-0.1448,0.18891191915299765,0.00368468600381336,0.009570126282801102
SOLUSDT,bwd,buy_ratio,10,170,0.5235,0.0138,47,0.4255,-0.3055,0.03677553546420068,0.002372912765243255,0.007006523601206048
SOLUSDT,bwd,delta_mom_z,10,170,0.5471,-0.0265,38,0.3421,-0.3529,0.029772732198674323,0.0015309695192683964,0.009108503009087447
SOLUSDT,bwd,cvd_slope_z,10,170,0.4294,-0.1501,39,0.3333,-0.6085,3.9595454863124315e-05,0.0007604735182239709,0.00940723235487076
SOLUSDT,bwd,large_ratio_ma10,10,170,0.4294,-0.1506,47,0.2979,-0.6374,1.4523853992629905e-06,-6.461567229807686e-06,0.009286757336492734
SOLUSDT,bwd,large_net_z,10,170,0.4176,-0.1904,40,0.35,-0.5927,5.588879109144406e-05,0.0010881708114009402,0.009198839054778012
SOLUSDT,bwd,trade_accel,10,170,0.4882,0.0027,47,0.4255,-0.1327,0.3737288700057159,0.002424980282604811,0.0069566255637345574
SOLUSDT,bwd,chart_1h_rsi,10,170,,,47,,,,,
SOLUSDT,bwd,chart_1h_range_pctile,10,170,,,47,,,,,
SOLUSDT,bwd,chart_1h_dist_sma20,10,170,,,47,,,,,
SOLUSDT,bwd,chart_1h_dist_sma50,10,170,,,47,,,,,
SOLUSDT,bwd,chart_1h_sma20_slope,10,170,,,47,,,,,
SOLUSDT,bwd,chart_1h_macd_norm,10,170,,,47,,,,,
SOLUSDT,bwd,chart_1h_bb_position,10,170,,,47,,,,,
SOLUSDT,bwd,chart_4h_rsi,10,170,,,47,,,,,
SOLUSDT,bwd,chart_4h_range_pctile,10,170,,,47,,,,,
SOLUSDT,bwd,chart_4h_dist_sma20,10,170,,,47,,,,,
SOLUSDT,bwd,chart_4h_dist_sma50,10,170,,,47,,,,,
SOLUSDT,bwd,chart_4h_sma20_slope,10,170,,,47,,,,,
SOLUSDT,bwd,chart_4h_macd_norm,10,170,,,47,,,,,
SOLUSDT,bwd,chart_4h_bb_position,10,170,,,47,,,,,
SOLUSDT,bwd,ob_imbalance,10,170,0.5647,0.0719,47,0.383,-0.0479,0.7493155767376524,0.0034650612998995507,0.005959881255493765
SOLUSDT,bwd,ob_spread_z,10,170,0.5588,0.2758,38,0.3947,-0.3535,0.02944549347414599,0.004528196057565603,0.006111276470790239
SOLUSDT,bwd,ob_imb_ma5,10,170,0.5941,0.0725,47,0.5532,0.137,0.3583839535144479,0.006863865844428455,0.0027026935669868988
SOLUSDT,bwd,ob_imb_ma20,10,170,0.5824,0.0899,47,0.5532,0.2942,0.044740156920281514,0.007258199564546667,0.002324790418540279
SOLUSDT,bwd,ob_imb_centered,10,170,0.5941,0.0725,47,0.5532,0.137,0.3583839535144479,0.006863865844428455,0.0027026935669868988
SOLUSDT,bwd,buy_ratio,25,170,0.5471,0.0499,47,0.5106,-0.1179,0.429768694327062,0.008234810006388052,0.012231365548427645
SOLUSDT,bwd,delta_mom_z,25,170,0.5588,0.0028,38,0.5,-0.3069,0.06088326403941125,0.012207201170484572,0.01632367279082355
SOLUSDT,bwd,cvd_slope_z,25,170,0.5588,-0.0975,39,0.4615,-0.3903,0.014037254512251579,0.010121466004042816,0.0168594893999383
SOLUSDT,bwd,large_ratio_ma10,25,170,0.5471,-0.1303,47,0.4255,-0.38,0.008427823789626492,0.005733020060204804,0.014628914246853258
SOLUSDT,bwd,large_net_z,25,170,0.5118,-0.1365,40,0.5,-0.3762,0.016743574949402953,0.010165369996464757,0.016255758716082973
SOLUSDT,bwd,trade_accel,25,170,0.5941,0.2203,47,0.4681,-0.2747,0.061624666183431064,0.007118529495359472,0.0133011343714967
SOLUSDT,bwd,chart_1h_rsi,25,170,,,47,,,,,
SOLUSDT,bwd,chart_1h_range_pctile,25,170,,,47,,,,,
SOLUSDT,bwd,chart_1h_dist_sma20,25,170,,,47,,,,,
SOLUSDT,bwd,chart_1h_dist_sma50,25,170,,,47,,,,,
SOLUSDT,bwd,chart_1h_sma20_slope,25,170,,,47,,,,,
SOLUSDT,bwd,chart_1h_macd_norm,25,170,,,47,,,,,
SOLUSDT,bwd,chart_1h_bb_position,25,170,,,47,,,,,
SOLUSDT,bwd,chart_4h_rsi,25,170,,,47,,,,,
SOLUSDT,bwd,chart_4h_range_pctile,25,170,,,47,,,,,
SOLUSDT,bwd,chart_4h_dist_sma20,25,170,,,47,,,,,
SOLUSDT,bwd,chart_4h_dist_sma50,25,170,,,47,,,,,
SOLUSDT,bwd,chart_4h_sma20_slope,25,170,,,47,,,,,
SOLUSDT,bwd,chart_4h_macd_norm,25,170,,,47,,,,,
SOLUSDT,bwd,chart_4h_bb_position,25,170,,,47,,,,,
SOLUSDT,bwd,ob_imbalance,25,170,0.5412,0.025,47,0.4681,0.0682,0.6486371917185871,0.010235673239399551,0.010313871616791625
SOLUSDT,bwd,ob_spread_z,25,170,0.6412,0.2921,38,0.5526,0.3819,0.017982249643675598,0.019177229243499655,0.009353644717808465
SOLUSDT,bwd,ob_imb_ma5,25,170,0.5,-0.0909,47,0.5106,0.3691,0.010675058514649186,0.014647295819684478,0.006086066644018571
SOLUSDT,bwd,ob_imb_ma20,25,170,0.5235,-0.1651,47,0.6383,0.3468,0.016938031614503073,0.014390052287544468,0.006332591695652747
SOLUSDT,bwd,ob_imb_centered,25,170,0.5,-0.0909,47,0.5106,0.3691,0.010675058514649186,0.014647295819684478,0.006086066644018571
SOLUSDT,bwd,buy_ratio,50,170,0.5059,-0.0215,47,0.4894,-0.1314,0.3787887073298829,0.008854803586935123,0.01398636269848103
SOLUSDT,bwd,delta_mom_z,50,170,0.5059,-0.1283,38,0.4737,0.0419,0.8027266089594709,0.019320443022893076,0.021314844092788967
SOLUSDT,bwd,cvd_slope_z,50,170,0.5059,-0.0919,39,0.4359,-0.4298,0.006324969825141681,0.015362546016563458,0.022384858652782457
SOLUSDT,bwd,large_ratio_ma10,50,170,0.4471,-0.1076,47,0.4043,-0.3461,0.01717437341339073,0.006944577610628895,0.0158169959257745
SOLUSDT,bwd,large_net_z,50,170,0.5176,-0.1209,40,0.475,-0.3674,0.019707381976434478,0.014472460658301194,0.0209458378202442
SOLUSDT,bwd,trade_accel,50,170,0.5882,0.2294,47,0.4894,0.2491,0.09135086854016555,0.014837804621592492,0.008252653373601052
SOLUSDT,bwd,chart_1h_rsi,50,170,,,47,,,,,
SOLUSDT,bwd,chart_1h_range_pctile,50,170,,,47,,,,,
SOLUSDT,bwd,chart_1h_dist_sma20,50,170,,,47,,,,,
SOLUSDT,bwd,chart_1h_dist_sma50,50,170,,,47,,,,,
SOLUSDT,bwd,chart_1h_sma20_slope,50,170,,,47,,,,,
SOLUSDT,bwd,chart_1h_macd_norm,50,170,,,47,,,,,
SOLUSDT,bwd,chart_1h_bb_position,50,170,,,47,,,,,
SOLUSDT,bwd,chart_4h_rsi,50,170,,,47,,,,,
SOLUSDT,bwd,chart_4h_range_pctile,50,170,,,47,,,,,
SOLUSDT,bwd,chart_4h_dist_sma20,50,170,,,47,,,,,
SOLUSDT,bwd,chart_4h_dist_sma50,50,170,,,47,,,,,
SOLUSDT,bwd,chart_4h_sma20_slope,50,170,,,47,,,,,
SOLUSDT,bwd,chart_4h_macd_norm,50,170,,,47,,,,,
SOLUSDT,bwd,chart_4h_bb_position,50,170,,,47,,,,,
SOLUSDT,bwd,ob_imbalance,50,170,0.4647,-0.006,47,0.4043,-0.1455,0.3292524398897695,0.006975997616386318,0.015786885086923635
SOLUSDT,bwd,ob_spread_z,50,170,0.5294,0.1609,38,0.4211,-0.3608,0.026068851380050283,0.017636353468020786,0.022998933647661257
SOLUSDT,bwd,ob_imb_ma5,50,170,0.4588,-0.1022,47,0.4043,0.0057,0.9698481298074779,0.009690582106010844,0.013185408284366798
SOLUSDT,bwd,ob_imb_ma20,50,170,0.4706,-0.2639,47,0.6596,0.6287,2.2209090658631706e-06,0.026086991602492168,-0.002527817483094469
SOLUSDT,bwd,ob_imb_centered,50,170,0.4588,-0.1022,47,0.4043,0.0057,0.9698481298074779,0.009690582106010844,0.013185408284366798
