asset,slice,feature,target,n,rho,p
btcusdt,oos_all,delta_5,fret,14300,-0.00749508121387428,0.37013762988563625
btcusdt,oos_all,delta_25,fret,14300,-0.02371714595415277,0.0045638245031188645
btcusdt,oos_all,accel,fret,14300,-0.002481614458718924,0.7666707860165368
btcusdt,oos_all,ar1_resid,fret,14300,0.0010718945339123027,0.8980154101069862
btcusdt,oos_all,delta_5,signed_fret,14300,-0.012337115529926834,0.1401502845296856
btcusdt,oos_all,delta_25,signed_fret,14300,0.02233912424785574,0.007551970002336762
btcusdt,oos_all,accel,signed_fret,14300,-0.011271120429291438,0.17773721073490778
btcusdt,oos_all,ar1_resid,signed_fret,14300,-0.005247263782295807,0.5303767840244318
btcusdt,high_vpin,delta_5,fret,3465,-0.02550253314790108,0.13338402859804038
btcusdt,high_vpin,delta_25,fret,3465,-0.04610673099716782,0.006637540157659537
btcusdt,high_vpin,accel,fret,3465,-0.009621727568152688,0.5712683428744266
btcusdt,high_vpin,ar1_resid,fret,3465,-0.023525019712863617,0.16621318060909848
btcusdt,high_vpin,delta_5,signed_fret,3465,0.015010945347544097,0.3770531387901077
btcusdt,high_vpin,delta_25,signed_fret,3465,-0.009682026740312509,0.5688588271766288
btcusdt,high_vpin,accel,signed_fret,3465,0.001256911429701809,0.9410418288749991
btcusdt,high_vpin,ar1_resid,signed_fret,3465,0.013074484790021663,0.44167075815788637
btcusdt,buy_dom,delta_5,fret,1445,-0.02720323502625293,0.3014274364923863
btcusdt,buy_dom,delta_25,fret,1445,-0.09280917862416488,0.00041158293308719764
btcusdt,buy_dom,accel,fret,1445,-0.005504542385047557,0.8343970830138744
btcusdt,buy_dom,ar1_resid,fret,1445,-0.01858585803949515,0.4802150774905465
btcusdt,buy_dom,delta_5,signed_fret,1445,-0.02720323502625293,0.3014274364923863
btcusdt,buy_dom,delta_25,signed_fret,1445,-0.09280917862416488,0.00041158293308719764
btcusdt,buy_dom,accel,signed_fret,1445,-0.005504542385047557,0.8343970830138744
btcusdt,buy_dom,ar1_resid,signed_fret,1445,-0.01858585803949515,0.4802150774905465
btcusdt,sell_dom,delta_5,fret,2020,-0.03497077342458203,0.11612494391844101
btcusdt,sell_dom,delta_25,fret,2020,-0.02854855494511809,0.1996444693918571
btcusdt,sell_dom,accel,fret,2020,-0.011830813021903586,0.5951288907027005
btcusdt,sell_dom,ar1_resid,fret,2020,-0.03232683134591242,0.14639302617111782
btcusdt,sell_dom,delta_5,signed_fret,2020,0.03497077342458203,0.11612494391844101
btcusdt,sell_dom,delta_25,signed_fret,2020,0.02854855494511809,0.1996444693918571
btcusdt,sell_dom,accel,signed_fret,2020,0.011830813021903586,0.5951288907027005
btcusdt,sell_dom,ar1_resid,signed_fret,2020,0.03232683134591242,0.14639302617111782
btcusdt,delta5_conditional,rising_buy,fret,728,0.007804195476481302,8.801887783615193
btcusdt,delta5_conditional,rising_sell,fret,1004,0.0005184165708767131,0.5158270616446207
btcusdt,delta5_conditional,falling_buy,fret,717,0.01023116125661254,10.182827894351513
btcusdt,delta5_conditional,falling_sell,fret,1016,0.0016281170780966432,1.8493156982578702
ethusdt,oos_all,delta_5,fret,31366,0.0004299613224947757,0.9393037001626552
ethusdt,oos_all,delta_25,fret,31366,-0.01939229661028786,0.0005933221122310252
ethusdt,oos_all,accel,fret,31366,0.0007125280562676988,0.8995839774582751
ethusdt,oos_all,ar1_resid,fret,31366,-0.0009728422806376931,0.8632111892372795
ethusdt,oos_all,delta_5,signed_fret,31366,-0.005034457651732561,0.3726099624847371
ethusdt,oos_all,delta_25,signed_fret,31366,0.010524088392255415,0.062344088717324685
ethusdt,oos_all,accel,signed_fret,31366,-0.007534742480354056,0.18207198941022
ethusdt,oos_all,ar1_resid,signed_fret,31366,0.0005361515286600189,0.9243536956373749
ethusdt,high_vpin,delta_5,fret,8710,0.027807677912182742,0.009449543254683262
ethusdt,high_vpin,delta_25,fret,8710,-0.01274304266187613,0.23437970768551525
ethusdt,high_vpin,accel,fret,8710,0.009815369518477357,0.35970187093092487
ethusdt,high_vpin,ar1_resid,fret,8710,0.010024798412221026,0.34954232274177033
ethusdt,high_vpin,delta_5,signed_fret,8710,-0.022935026128430448,0.032319206028022095
ethusdt,high_vpin,delta_25,signed_fret,8710,0.003938070044270101,0.7132621721900221
ethusdt,high_vpin,accel,signed_fret,8710,-0.016728058396983866,0.11850699310296894
ethusdt,high_vpin,ar1_resid,signed_fret,8710,-0.008427447931662236,0.4316257319154534
ethusdt,buy_dom,delta_5,fret,2631,0.012325797845160847,0.5274168743483942
ethusdt,buy_dom,delta_25,fret,2631,-0.01514797438870624,0.4373567169032674
ethusdt,buy_dom,accel,fret,2631,-0.009700678846377188,0.6189388531965154
ethusdt,buy_dom,ar1_resid,fret,2631,0.004519439420962833,0.816764919651664
ethusdt,buy_dom,delta_5,signed_fret,2631,0.012325797845160847,0.5274168743483942
ethusdt,buy_dom,delta_25,signed_fret,2631,-0.01514797438870624,0.4373567169032674
ethusdt,buy_dom,accel,signed_fret,2631,-0.009700678846377188,0.6189388531965154
ethusdt,buy_dom,ar1_resid,signed_fret,2631,0.004519439420962833,0.816764919651664
ethusdt,sell_dom,delta_5,fret,6079,0.03629750809332373,0.004649090769561345
ethusdt,sell_dom,delta_25,fret,6079,-0.012022067877668444,0.348667519552623
ethusdt,sell_dom,accel,fret,6079,0.018811022327395586,0.14251624968647977
ethusdt,sell_dom,ar1_resid,fret,6079,0.01314012863890822,0.3056736140787538
ethusdt,sell_dom,delta_5,signed_fret,6079,-0.03629750809332373,0.004649090769561345
ethusdt,sell_dom,delta_25,signed_fret,6079,0.012022067877668444,0.348667519552623
ethusdt,sell_dom,accel,signed_fret,6079,-0.018811022327395586,0.14251624968647977
ethusdt,sell_dom,ar1_resid,signed_fret,6079,-0.01314012863890822,0.3056736140787538
ethusdt,delta5_conditional,rising_buy,fret,1323,0.009418756948431051,9.425806255955788
ethusdt,delta5_conditional,rising_sell,fret,3032,0.0020895967421123104,3.3995339638082136
ethusdt,delta5_conditional,falling_buy,fret,1308,0.009193647600154405,9.022579953142268
ethusdt,delta5_conditional,falling_sell,fret,3047,-0.0005030081805389286,-0.7404472834260221
solusdt,oos_all,delta_5,fret,22141,0.006063138159382733,0.36698072363067713
solusdt,oos_all,delta_25,fret,22141,-0.00648749660384459,0.3344018027293175
solusdt,oos_all,accel,fret,22141,0.0021969720128057067,0.7437525027703067
solusdt,oos_all,ar1_resid,fret,22141,0.007096498493788492,0.29101291661733203
solusdt,oos_all,delta_5,signed_fret,22141,0.005502532409561171,0.4129412419538525
solusdt,oos_all,delta_25,signed_fret,22141,0.04129606494609626,7.89280245653185e-10
solusdt,oos_all,accel,signed_fret,22141,-0.006861510467181711,0.30728429396606455
solusdt,oos_all,ar1_resid,signed_fret,22141,0.001981584761602128,0.768115707133797
solusdt,high_vpin,delta_5,fret,5541,0.03422573854544625,0.010838487191995571
solusdt,high_vpin,delta_25,fret,5541,0.04630649499372836,0.0005646916405711041
solusdt,high_vpin,accel,fret,5541,0.008225959798835506,0.5404085324778947
solusdt,high_vpin,ar1_resid,fret,5541,0.026815961974110004,0.045930408796324027
solusdt,high_vpin,delta_5,signed_fret,5541,-0.002993254833990174,0.8237208890661665
solusdt,high_vpin,delta_25,signed_fret,5541,-0.013889104994086335,0.30128002582953894
solusdt,high_vpin,accel,signed_fret,5541,-0.003026319462635432,0.8218061578413365
solusdt,high_vpin,ar1_resid,signed_fret,5541,-0.004794013954338326,0.7212581281473573
solusdt,buy_dom,delta_5,fret,1247,0.08063683622271425,0.004381489719279116
solusdt,buy_dom,delta_25,fret,1247,0.07666242543036739,0.006759967837044294
solusdt,buy_dom,accel,fret,1247,0.012927111002942438,0.6483505259809657
solusdt,buy_dom,ar1_resid,fret,1247,0.05538482504943586,0.05054323562409045
solusdt,buy_dom,delta_5,signed_fret,1247,0.08063683622271425,0.004381489719279116
solusdt,buy_dom,delta_25,signed_fret,1247,0.07666242543036739,0.006759967837044294
solusdt,buy_dom,accel,signed_fret,1247,0.012927111002942438,0.6483505259809657
solusdt,buy_dom,ar1_resid,signed_fret,1247,0.05538482504943586,0.05054323562409045
solusdt,sell_dom,delta_5,fret,4294,0.021684498076348882,0.15540150193947966
solusdt,sell_dom,delta_25,fret,4294,0.03402741555068023,0.025762977418938092
solusdt,sell_dom,accel,fret,4294,0.007347152357629102,0.6302925823485768
solusdt,sell_dom,ar1_resid,fret,4294,0.018832199760056012,0.21727811870148372
solusdt,sell_dom,delta_5,signed_fret,4294,-0.021684498076348882,0.15540150193947966
solusdt,sell_dom,delta_25,signed_fret,4294,-0.03402741555068023,0.025762977418938092
solusdt,sell_dom,accel,signed_fret,4294,-0.007347152357629102,0.6302925823485768
solusdt,sell_dom,ar1_resid,signed_fret,4294,-0.018832199760056012,0.21727811870148372
solusdt,delta5_conditional,rising_buy,fret,648,0.004016687279508009,3.270099579164779
solusdt,delta5_conditional,rising_sell,fret,2122,-0.0030954784808633565,-3.182202366425082
solusdt,delta5_conditional,falling_buy,fret,599,-0.0016353034984813153,-1.2379977716325539
solusdt,delta5_conditional,falling_sell,fret,2172,-0.00399457246183063,-3.921252285264907
linkusdt,oos_all,delta_5,fret,22880,-0.011636867513284108,0.07837867035776531
linkusdt,oos_all,delta_25,fret,22880,-0.01396516437394761,0.034654092712246704
linkusdt,oos_all,accel,fret,22880,-0.004145483645304887,0.5306461627643426
linkusdt,oos_all,ar1_resid,fret,22880,-0.0054240299769186965,0.41198391080213526
linkusdt,oos_all,delta_5,signed_fret,22880,0.008010187562784465,0.22567122991849003
linkusdt,oos_all,delta_25,signed_fret,22880,-0.006617100176095504,0.3168906941368388
linkusdt,oos_all,accel,signed_fret,22880,0.0013063118940741941,0.8433707053796324
linkusdt,oos_all,ar1_resid,signed_fret,22880,0.004715167049231188,0.47572968245848535
linkusdt,high_vpin,delta_5,fret,5510,0.019769398675940533,0.14229975795309532
linkusdt,high_vpin,delta_25,fret,5510,0.06811660611260537,4.170971310723634e-07
linkusdt,high_vpin,accel,fret,5510,-0.01287417141608603,0.33934286901982336
linkusdt,high_vpin,ar1_resid,fret,5510,0.007669847231366918,0.569215561846985
linkusdt,high_vpin,delta_5,signed_fret,5510,0.008897226212325797,0.5090621257613324
linkusdt,high_vpin,delta_25,signed_fret,5510,0.019421831500127495,0.14944933301517271
linkusdt,high_vpin,accel,signed_fret,5510,0.004766688903781784,0.7235261982336686
linkusdt,high_vpin,ar1_resid,signed_fret,5510,-0.0058265576169807655,0.6654454365083436
linkusdt,buy_dom,delta_5,fret,1408,0.07503925307736947,0.004844522606494767
linkusdt,buy_dom,delta_25,fret,1408,0.20255929121880126,1.6719784877428974e-14
linkusdt,buy_dom,accel,fret,1408,-0.011965042619638969,0.6537306936710217
linkusdt,buy_dom,ar1_resid,fret,1408,0.014049147349868084,0.5983821229343915
linkusdt,buy_dom,delta_5,signed_fret,1408,0.07503925307736947,0.004844522606494767
linkusdt,buy_dom,delta_25,signed_fret,1408,0.20255929121880126,1.6719784877428974e-14
linkusdt,buy_dom,accel,signed_fret,1408,-0.011965042619638969,0.6537306936710217
linkusdt,buy_dom,ar1_resid,signed_fret,1408,0.014049147349868084,0.5983821229343915
linkusdt,sell_dom,delta_5,fret,4102,0.011381009968674423,0.466173340196144
linkusdt,sell_dom,delta_25,fret,4102,0.04145771087967261,0.007917484494794192
linkusdt,sell_dom,accel,fret,4102,-0.010802932270845129,0.489123749791329
linkusdt,sell_dom,ar1_resid,fret,4102,0.011212677234549414,0.47279400930102167
linkusdt,sell_dom,delta_5,signed_fret,4102,-0.011381009968674423,0.466173340196144
linkusdt,sell_dom,delta_25,signed_fret,4102,-0.04145771087967261,0.007917484494794192
linkusdt,sell_dom,accel,signed_fret,4102,0.010802932270845129,0.489123749791329
linkusdt,sell_dom,ar1_resid,signed_fret,4102,-0.011212677234549414,0.47279400930102167
linkusdt,delta5_conditional,rising_buy,fret,720,0.013535894824464965,7.9868637228861985
linkusdt,delta5_conditional,rising_sell,fret,2035,-0.003963939130812153,-3.9175183942745013
linkusdt,delta5_conditional,falling_buy,fret,688,0.005696665278356334,3.9923066829643146
linkusdt,delta5_conditional,falling_sell,fret,2067,-0.002604840318752532,-2.4801301672208975
suiusdt,oos_all,delta_5,fret,21016,0.02240652781566155,0.0011602921160862353
suiusdt,oos_all,delta_25,fret,21016,0.02216190749321367,0.001313598542083626
suiusdt,oos_all,accel,fret,21016,0.008934181208599368,0.19527615129294656
suiusdt,oos_all,ar1_resid,fret,21016,0.013853585723855972,0.044609631970570496
suiusdt,oos_all,delta_5,signed_fret,21016,-0.0013910746928769875,0.8401897617197807
suiusdt,oos_all,delta_25,signed_fret,21016,0.0035102611723692514,0.6108572160589197
suiusdt,oos_all,accel,signed_fret,21016,-0.004067420238029972,0.5554474136363109
suiusdt,oos_all,ar1_resid,signed_fret,21016,-0.003637822944035534,0.5979562563351192
suiusdt,high_vpin,delta_5,fret,4975,-0.001014833924072895,0.9429504800603659
suiusdt,high_vpin,delta_25,fret,4975,-0.00865028884696835,0.5418652537310147
suiusdt,high_vpin,accel,fret,4975,0.0074352586727690784,0.6000618170187122
suiusdt,high_vpin,ar1_resid,fret,4975,0.0024110174905980107,0.864997986255895
suiusdt,high_vpin,delta_5,signed_fret,4975,0.026643647466742637,0.060225948282051904
suiusdt,high_vpin,delta_25,signed_fret,4975,0.0407206966975043,0.004070444259330742
suiusdt,high_vpin,accel,signed_fret,4975,-0.005644060487765678,0.6906305619108558
suiusdt,high_vpin,ar1_resid,signed_fret,4975,-0.0018814589579602484,0.894452001553222
suiusdt,buy_dom,delta_5,fret,875,0.06922681331082323,0.0406300153744282
suiusdt,buy_dom,delta_25,fret,875,0.09038194055717018,0.007468714529422084
suiusdt,buy_dom,accel,fret,875,0.0017651036465493692,0.9584188362662339
suiusdt,buy_dom,ar1_resid,fret,875,-0.011603057673964542,0.7317910801141244
suiusdt,buy_dom,delta_5,signed_fret,875,0.06922681331082323,0.0406300153744282
suiusdt,buy_dom,delta_25,signed_fret,875,0.09038194055717018,0.007468714529422084
suiusdt,buy_dom,accel,signed_fret,875,0.0017651036465493692,0.9584188362662339
suiusdt,buy_dom,ar1_resid,signed_fret,875,-0.011603057673964542,0.7317910801141244
suiusdt,sell_dom,delta_5,fret,4100,-0.01849092379648751,0.23651718987488615
suiusdt,sell_dom,delta_25,fret,4100,-0.028739562711550894,0.06576106822764384
suiusdt,sell_dom,accel,fret,4100,0.006480259035378453,0.6782759700078065
suiusdt,sell_dom,ar1_resid,fret,4100,0.0009844008661810016,0.9497559884902933
suiusdt,sell_dom,delta_5,signed_fret,4100,0.01849092379648751,0.23651718987488615
suiusdt,sell_dom,delta_25,signed_fret,4100,0.028739562711550894,0.06576106822764384
suiusdt,sell_dom,accel,signed_fret,4100,-0.006480259035378453,0.6782759700078065
suiusdt,sell_dom,ar1_resid,signed_fret,4100,-0.0009844008661810016,0.9497559884902933
suiusdt,delta5_conditional,rising_buy,fret,462,0.020894409960156134,8.67977798671984
suiusdt,delta5_conditional,rising_sell,fret,2025,-0.00889653227178526,-8.463196814666382
suiusdt,delta5_conditional,falling_buy,fret,413,0.015793263119746607,6.586544885310165
suiusdt,delta5_conditional,falling_sell,fret,2075,-0.009005126296487245,-8.218042267319122
avaxusdt,oos_all,delta_5,fret,19300,-0.025377896288041425,0.00042196742594260793
avaxusdt,oos_all,delta_25,fret,19300,-0.03315910206283469,4.0738588044766705e-06
avaxusdt,oos_all,accel,fret,19300,-0.002008526144550286,0.7802328695062954
avaxusdt,oos_all,ar1_resid,fret,19300,-0.012921969424634212,0.0726320288610681
avaxusdt,oos_all,delta_5,signed_fret,19300,0.03562001237802194,7.43125402711993e-07
avaxusdt,oos_all,delta_25,signed_fret,19300,0.07084511315251958,6.595923875329683e-23
avaxusdt,oos_all,accel,signed_fret,19300,-0.0020158658348783795,0.7794505161550312
avaxusdt,oos_all,ar1_resid,signed_fret,19300,0.015671604264296545,0.029468518285906003
avaxusdt,high_vpin,delta_5,fret,6758,-0.0031626385983790782,0.7949071527369161
avaxusdt,high_vpin,delta_25,fret,6758,-0.039845344684882475,0.0010519034849502547
avaxusdt,high_vpin,accel,fret,6758,0.006178524975093653,0.6115731036791283
avaxusdt,high_vpin,ar1_resid,fret,6758,-0.0014218758843149474,0.9069657131086577
avaxusdt,high_vpin,delta_5,signed_fret,6758,0.04409136243193551,0.0002881644124958841
avaxusdt,high_vpin,delta_25,signed_fret,6758,0.0967118493103366,1.617755433052725e-15
avaxusdt,high_vpin,accel,signed_fret,6758,-0.013345114469114107,0.2726814047907956
avaxusdt,high_vpin,ar1_resid,signed_fret,6758,0.01348034171406199,0.2678512138006188
avaxusdt,buy_dom,delta_5,fret,1564,0.09817958138183702,0.00010063922357482893
avaxusdt,buy_dom,delta_25,fret,1564,0.15852425967796924,2.8983937420086935e-10
avaxusdt,buy_dom,accel,fret,1564,-0.02365200290087083,0.3499124811576695
avaxusdt,buy_dom,ar1_resid,fret,1564,0.028814584992085276,0.2547580320094953
avaxusdt,buy_dom,delta_5,signed_fret,1564,0.09817958138183702,0.00010063922357482893
avaxusdt,buy_dom,delta_25,signed_fret,1564,0.15852425967796924,2.8983937420086935e-10
avaxusdt,buy_dom,accel,signed_fret,1564,-0.02365200290087083,0.3499124811576695
avaxusdt,buy_dom,ar1_resid,signed_fret,1564,0.028814584992085276,0.2547580320094953
avaxusdt,sell_dom,delta_5,fret,5194,-0.02703452657461359,0.05138511458762563
avaxusdt,sell_dom,delta_25,fret,5194,-0.08202610287598,3.2169131622101627e-09
avaxusdt,sell_dom,accel,fret,5194,0.011644018722802778,0.4014670479186515
avaxusdt,sell_dom,ar1_resid,fret,5194,-0.007937374175853098,0.5673807770435568
avaxusdt,sell_dom,delta_5,signed_fret,5194,0.02703452657461359,0.05138511458762563
avaxusdt,sell_dom,delta_25,signed_fret,5194,0.08202610287598,3.2169131622101627e-09
avaxusdt,sell_dom,accel,signed_fret,5194,-0.011644018722802778,0.4014670479186515
avaxusdt,sell_dom,ar1_resid,signed_fret,5194,0.007937374175853098,0.5673807770435568
avaxusdt,delta5_conditional,rising_buy,fret,781,0.017004720875780612,11.505500327917863
avaxusdt,delta5_conditional,rising_sell,fret,2598,-0.0025501033308422964,-2.589761526744334
avaxusdt,delta5_conditional,falling_buy,fret,783,0.011182515391553181,7.203373623888827
avaxusdt,delta5_conditional,falling_sell,fret,2596,-0.00022378945760952645,-0.22249352291125113
arbusdt,oos_all,delta_5,fret,15094,-0.06199776615555257,2.4669220209673254e-14
arbusdt,oos_all,delta_25,fret,15094,-0.1085772097453244,8.130566766722975e-41
arbusdt,oos_all,accel,fret,15094,-0.004290358778662645,0.5981504428619207
arbusdt,oos_all,ar1_resid,fret,15094,-0.022200652263985616,0.0063791111208504475
arbusdt,oos_all,delta_5,signed_fret,15094,0.08189985023186715,6.903266305662677e-24
arbusdt,oos_all,delta_25,signed_fret,15094,0.13500080334547143,2.525112599994619e-62
arbusdt,oos_all,accel,signed_fret,15094,0.006460196866234457,0.42741255216295715
arbusdt,oos_all,ar1_resid,signed_fret,15094,0.03149898891140598,0.00010859839485507528
arbusdt,high_vpin,delta_5,fret,3941,-0.025462965629802985,0.1099872576569104
arbusdt,high_vpin,delta_25,fret,3941,-0.026298602120506775,0.09879592310634795
arbusdt,high_vpin,accel,fret,3941,-0.012920272777272696,0.41743603792744266
arbusdt,high_vpin,ar1_resid,fret,3941,8.403863367760931e-05,0.9957919348166528
arbusdt,high_vpin,delta_5,signed_fret,3941,0.06276995641615019,8.041084152308434e-05
arbusdt,high_vpin,delta_25,signed_fret,3941,0.07794476809841058,9.629096301095761e-07
arbusdt,high_vpin,accel,signed_fret,3941,0.0159632382946011,0.31640335047845297
arbusdt,high_vpin,ar1_resid,signed_fret,3941,0.018299418560781197,0.2507533952217557
arbusdt,buy_dom,delta_5,fret,412,0.16406207236536743,0.0008298081833551314
arbusdt,buy_dom,delta_25,fret,412,0.1817145726128861,0.0002088087706971878
arbusdt,buy_dom,accel,fret,412,0.013775765750724584,0.7804127473527479
arbusdt,buy_dom,ar1_resid,fret,412,0.10326513600314903,0.036145261339675834
arbusdt,buy_dom,delta_5,signed_fret,412,0.16406207236536743,0.0008298081833551314
arbusdt,buy_dom,delta_25,signed_fret,412,0.1817145726128861,0.0002088087706971878
arbusdt,buy_dom,accel,signed_fret,412,0.013775765750724584,0.7804127473527479
arbusdt,buy_dom,ar1_resid,signed_fret,412,0.10326513600314903,0.036145261339675834
arbusdt,sell_dom,delta_5,fret,3529,-0.05166926218532788,0.002137750978164932
arbusdt,sell_dom,delta_25,fret,3529,-0.05893625086027726,0.0004601609400018773
arbusdt,sell_dom,accel,fret,3529,-0.016520029911659833,0.32654439405195745
arbusdt,sell_dom,ar1_resid,fret,3529,-0.012193669696302851,0.4689798101977972
arbusdt,sell_dom,delta_5,signed_fret,3529,0.05166926218532788,0.002137750978164932
arbusdt,sell_dom,delta_25,signed_fret,3529,0.05893625086027726,0.0004601609400018773
arbusdt,sell_dom,accel,signed_fret,3529,0.016520029911659833,0.32654439405195745
arbusdt,sell_dom,ar1_resid,signed_fret,3529,0.012193669696302851,0.4689798101977972
arbusdt,delta5_conditional,rising_buy,fret,232,0.019093216786572224,3.0811844346339483
arbusdt,delta5_conditional,rising_sell,fret,1738,-0.018914898193312105,-11.179042533435467
arbusdt,delta5_conditional,falling_buy,fret,180,-0.009861757313224438,-1.5773080475529782
arbusdt,delta5_conditional,falling_sell,fret,1791,-0.011617233926404163,-6.818084512858392
opusdt,oos_all,delta_5,fret,13155,-0.012009727134378865,0.16839559276238178
opusdt,oos_all,delta_25,fret,13155,-0.035973937813757566,3.6755295355911233e-05
opusdt,oos_all,accel,fret,13155,-0.0020003500331861926,0.8185509859482354
opusdt,oos_all,ar1_resid,fret,13155,-0.010324101269512994,0.23639549152063724
opusdt,oos_all,delta_5,signed_fret,13155,0.019452825329202537,0.025671478375549433
opusdt,oos_all,delta_25,signed_fret,13155,0.03922284683046426,6.796043560099917e-06
opusdt,oos_all,accel,signed_fret,13155,0.003913502455744534,0.6535620858628791
opusdt,oos_all,ar1_resid,signed_fret,13155,0.015134396587234788,0.08260312573716833
opusdt,high_vpin,delta_5,fret,3391,0.035751259309081074,0.03736295899654942
opusdt,high_vpin,delta_25,fret,3391,0.049072010365806856,0.004259925230007075
opusdt,high_vpin,accel,fret,3391,0.0020594126143547438,0.9045780237474016
opusdt,high_vpin,ar1_resid,fret,3391,0.020003453763235354,0.24420765777149858
opusdt,high_vpin,delta_5,signed_fret,3391,-0.034407948547002846,0.045122762951956955
opusdt,high_vpin,delta_25,signed_fret,3391,-0.020839973688140806,0.2250366261700566
opusdt,high_vpin,accel,signed_fret,3391,-0.011924877227606032,0.48756832367072644
opusdt,high_vpin,ar1_resid,signed_fret,3391,-0.012177944738676335,0.47837754649983844
opusdt,buy_dom,delta_5,fret,123,0.036817531052095294,0.6859964561573537
opusdt,buy_dom,delta_25,fret,123,0.4062310559647109,3.1319981677872185e-06
opusdt,buy_dom,accel,fret,123,-0.11332886200358566,0.21200550228507917
opusdt,buy_dom,ar1_resid,fret,123,0.1003082637912577,0.2696363201438008
opusdt,buy_dom,delta_5,signed_fret,123,0.036817531052095294,0.6859964561573537
opusdt,buy_dom,delta_25,signed_fret,123,0.4062310559647109,3.1319981677872185e-06
opusdt,buy_dom,accel,signed_fret,123,-0.11332886200358566,0.21200550228507917
opusdt,buy_dom,ar1_resid,signed_fret,123,0.1003082637912577,0.2696363201438008
opusdt,sell_dom,delta_5,fret,3268,0.0359850744922589,0.03968456967685572
opusdt,sell_dom,delta_25,fret,3268,0.03442612761225333,0.049085417320869074
opusdt,sell_dom,accel,fret,3268,0.007843179601108011,0.6540074970668156
opusdt,sell_dom,ar1_resid,fret,3268,0.01667282175762685,0.3406776376538201
opusdt,sell_dom,delta_5,signed_fret,3268,-0.0359850744922589,0.03968456967685572
opusdt,sell_dom,delta_25,signed_fret,3268,-0.03442612761225333,0.049085417320869074
opusdt,sell_dom,accel,signed_fret,3268,-0.007843179601108011,0.6540074970668156
opusdt,sell_dom,ar1_resid,signed_fret,3268,-0.01667282175762685,0.3406776376538201
opusdt,delta5_conditional,rising_buy,fret,65,-0.11395665374250408,-7.824315008973556
opusdt,delta5_conditional,rising_sell,fret,1630,-0.02338402846402498,-12.70935625124043
opusdt,delta5_conditional,falling_buy,fret,58,-0.1289607032653012,-8.721511361058928
opusdt,delta5_conditional,falling_sell,fret,1638,-0.026515459941527916,-13.897456442955813
injusdt,oos_all,delta_5,fret,9993,-0.04226177925836263,2.3782070422607243e-05
injusdt,oos_all,delta_25,fret,9993,-0.08453097108229518,2.5784397729908217e-17
injusdt,oos_all,accel,fret,9993,-0.004189840644776011,0.6753719249109928
injusdt,oos_all,ar1_resid,fret,9993,-0.01189005654460918,0.23464327180150257
injusdt,oos_all,delta_5,signed_fret,9993,0.01822881105636495,0.06842973805995438
injusdt,oos_all,delta_25,signed_fret,9993,0.03631941860706011,0.000281872260074087
injusdt,oos_all,accel,signed_fret,9993,0.011291196879243055,0.2590585063107897
injusdt,oos_all,ar1_resid,signed_fret,9993,0.005867665017354134,0.5575444186812337
injusdt,high_vpin,delta_5,fret,2013,0.040609226200878173,0.06851383973214202
injusdt,high_vpin,delta_25,fret,2013,0.06910972611928085,0.0019189795720093007
injusdt,high_vpin,accel,fret,2013,-0.007540877658797831,0.735267329908796
injusdt,high_vpin,ar1_resid,fret,2013,0.034832089499342744,0.11821822823428743
injusdt,high_vpin,delta_5,signed_fret,2013,-0.0206707584734552,0.3539541012967564
injusdt,high_vpin,delta_25,signed_fret,2013,-0.08096924062464125,0.00027634688235520123
injusdt,high_vpin,accel,signed_fret,2013,0.029531669880028123,0.18535443763117562
injusdt,high_vpin,ar1_resid,signed_fret,2013,-0.02351940155343466,0.2915520617669743
injusdt,buy_dom,delta_5,fret,148,0.29509471120209374,0.00027161635646419835
injusdt,buy_dom,delta_25,fret,148,0.12048331032031896,0.1446659230951509
injusdt,buy_dom,accel,fret,148,0.15309269000544168,0.06322195373546502
injusdt,buy_dom,ar1_resid,fret,148,0.1286495370867375,0.11916175777604743
injusdt,buy_dom,delta_5,signed_fret,148,0.29509471120209374,0.00027161635646419835
injusdt,buy_dom,delta_25,signed_fret,148,0.12048331032031896,0.1446659230951509
injusdt,buy_dom,accel,signed_fret,148,0.15309269000544168,0.06322195373546502
injusdt,buy_dom,ar1_resid,signed_fret,148,0.1286495370867375,0.11916175777604743
injusdt,sell_dom,delta_5,fret,1865,0.03133081434632259,0.1762261867374456
injusdt,sell_dom,delta_25,fret,1865,0.07743544744672849,0.0008172540935001773
injusdt,sell_dom,accel,fret,1865,-0.019936072403973302,0.3895352772112126
injusdt,sell_dom,ar1_resid,fret,1865,0.030595883486010497,0.18659263981392443
injusdt,sell_dom,delta_5,signed_fret,1865,-0.03133081434632259,0.1762261867374456
injusdt,sell_dom,delta_25,signed_fret,1865,-0.07743544744672849,0.0008172540935001773
injusdt,sell_dom,accel,signed_fret,1865,0.019936072403973302,0.3895352772112126
injusdt,sell_dom,ar1_resid,signed_fret,1865,-0.030595883486010497,0.18659263981392443
injusdt,delta5_conditional,rising_buy,fret,96,-0.028626955391495942,-2.641887270991865
injusdt,delta5_conditional,rising_sell,fret,910,-0.0011454637169172337,-0.31109104506854285
injusdt,delta5_conditional,falling_buy,fret,52,-0.05946564909865231,-4.8593309382752325
injusdt,delta5_conditional,falling_sell,fret,955,-0.0036333439751011797,-0.9793729316467417
tiausdt,oos_all,delta_5,fret,8502,-0.005831091359342222,0.5908609513995404
tiausdt,oos_all,delta_25,fret,8502,0.0033134451193851007,0.760003341890461
tiausdt,oos_all,accel,fret,8502,-0.0015053053653131193,0.8896253466946396
tiausdt,oos_all,ar1_resid,fret,8502,-0.0023598745042179158,0.8277691613758305
tiausdt,oos_all,delta_5,signed_fret,8502,-0.0014398278527866836,0.8943976362812041
tiausdt,oos_all,delta_25,signed_fret,8502,-0.011732742220191838,0.27938105322178197
tiausdt,oos_all,accel,signed_fret,8502,0.0016796116806815356,0.876941069873167
tiausdt,oos_all,ar1_resid,signed_fret,8502,-0.0011587068240597282,0.9149283019779345
tiausdt,high_vpin,delta_5,fret,1389,0.049106602270234403,0.06730612660825597
tiausdt,high_vpin,delta_25,fret,1389,0.03871879746437817,0.14922797988556943
tiausdt,high_vpin,accel,fret,1389,0.03337043425678601,0.21389773422208394
tiausdt,high_vpin,ar1_resid,fret,1389,0.03766206148618305,0.1606549188469604
tiausdt,high_vpin,delta_5,signed_fret,1389,-0.043312033886624586,0.10663317474816401
tiausdt,high_vpin,delta_25,signed_fret,1389,-0.04308954477140056,0.10844616779500847
tiausdt,high_vpin,accel,signed_fret,1389,-0.023768116422267917,0.3760766174799768
tiausdt,high_vpin,ar1_resid,signed_fret,1389,-0.03459230636168143,0.19758740773624783
tiausdt,sell_dom,delta_5,fret,1384,0.04622388954416617,0.08561561641714016
tiausdt,sell_dom,delta_25,fret,1384,0.041352830293132935,0.12412640585960143
tiausdt,sell_dom,accel,fret,1384,0.028501590719106976,0.28933678244694594
tiausdt,sell_dom,ar1_resid,fret,1384,0.036062299026946056,0.17997922831895094
tiausdt,sell_dom,delta_5,signed_fret,1384,-0.04622388954416617,0.08561561641714016
tiausdt,sell_dom,delta_25,signed_fret,1384,-0.041352830293132935,0.12412640585960143
tiausdt,sell_dom,accel,signed_fret,1384,-0.028501590719106976,0.28933678244694594
tiausdt,sell_dom,ar1_resid,signed_fret,1384,-0.036062299026946056,0.17997922831895094
tiausdt,delta5_conditional,rising_buy,fret,5,,
tiausdt,delta5_conditional,rising_sell,fret,689,0.004210969155540566,1.4278592019589473
tiausdt,delta5_conditional,falling_buy,fret,0,,
tiausdt,delta5_conditional,falling_sell,fret,695,-0.00593842982209123,-2.089363827617578
fetusdt,oos_all,delta_5,fret,8804,-0.07094308246332581,2.6644534464312877e-11
fetusdt,oos_all,delta_25,fret,8804,-0.13068960627536239,7.64747449663814e-35
fetusdt,oos_all,accel,fret,8804,-0.0036337838117886903,0.7331718529937854
fetusdt,oos_all,ar1_resid,fret,8804,-0.030107473448260005,0.004724927302292655
fetusdt,oos_all,delta_5,signed_fret,8804,0.06652798247063214,4.14857599862976e-10
fetusdt,oos_all,delta_25,signed_fret,8804,0.11726900638492943,2.4543093036992766e-28
fetusdt,oos_all,accel,signed_fret,8804,0.005518584316670188,0.6046416684865195
fetusdt,oos_all,ar1_resid,signed_fret,8804,0.027807906369368696,0.009071713251085078
fetusdt,high_vpin,delta_5,fret,2070,-0.0569957167847066,0.009495187208557621
fetusdt,high_vpin,delta_25,fret,2070,-0.08187394375226698,0.00019220206063911118
fetusdt,high_vpin,accel,fret,2070,-0.015833485003490404,0.47153111251968394
fetusdt,high_vpin,ar1_resid,fret,2070,-0.029952606293315948,0.17312096547140965
fetusdt,high_vpin,delta_5,signed_fret,2070,0.05310697005893272,0.01567194451112394
fetusdt,high_vpin,delta_25,signed_fret,2070,0.06909599353991505,0.0016578121066730769
fetusdt,high_vpin,accel,signed_fret,2070,0.02013549295402025,0.35985098296106777
fetusdt,high_vpin,ar1_resid,signed_fret,2070,0.03037861197147728,0.16708614078488002
fetusdt,sell_dom,delta_5,fret,2009,-0.05830928420371987,0.008945530045192369
fetusdt,sell_dom,delta_25,fret,2009,-0.0818440390425993,0.00024039450159085875
fetusdt,sell_dom,accel,fret,2009,-0.017424719522687832,0.4350485686533926
fetusdt,sell_dom,ar1_resid,fret,2009,-0.031561344053442325,0.1573295247821444
fetusdt,sell_dom,delta_5,signed_fret,2009,0.05830928420371987,0.008945530045192369
fetusdt,sell_dom,delta_25,signed_fret,2009,0.0818440390425993,0.00024039450159085875
fetusdt,sell_dom,accel,signed_fret,2009,0.017424719522687832,0.4350485686533926
fetusdt,sell_dom,ar1_resid,signed_fret,2009,0.031561344053442325,0.1573295247821444
fetusdt,delta5_conditional,rising_buy,fret,39,-0.003661844096293032,-0.5693000900178832
fetusdt,delta5_conditional,rising_sell,fret,996,-0.03155983729498173,-8.525855366946308
fetusdt,delta5_conditional,falling_buy,fret,22,,
fetusdt,delta5_conditional,falling_sell,fret,1013,-0.019431124065696314,-5.829189150781065
taousdt,oos_all,delta_5,fret,19860,-0.0019929689495429568,0.7788309967694713
taousdt,oos_all,delta_25,fret,19860,-0.01715193831744756,0.015641652162625818
taousdt,oos_all,accel,fret,19860,0.00014782921162253667,0.9833799930709226
taousdt,oos_all,ar1_resid,fret,19860,0.0003339956305233241,0.9624609887748188
taousdt,oos_all,delta_5,signed_fret,19860,0.018878837975635304,0.007800629941009474
taousdt,oos_all,delta_25,signed_fret,19860,0.031127909629691006,1.1465908683383619e-05
taousdt,oos_all,accel,signed_fret,19860,0.0034841282036397418,0.6234454473246442
taousdt,oos_all,ar1_resid,signed_fret,19860,0.0041896288419391164,0.5549285305297924
taousdt,high_vpin,delta_5,fret,4766,0.008440586610027858,0.5601870188947864
taousdt,high_vpin,delta_25,fret,4766,0.037315860027035706,0.009984445459449398
taousdt,high_vpin,accel,fret,4766,-0.008133376431242852,0.5745524302524277
taousdt,high_vpin,ar1_resid,fret,4766,0.0032902714939541697,0.8203545786634594
taousdt,high_vpin,delta_5,signed_fret,4766,0.02144766634558589,0.13875379392179496
taousdt,high_vpin,delta_25,signed_fret,4766,-0.014513277478613813,0.3164731485290751
taousdt,high_vpin,accel,signed_fret,4766,0.02017097905090166,0.16383018909395403
taousdt,high_vpin,ar1_resid,signed_fret,4766,0.007936327445713806,0.5838574108188802
taousdt,buy_dom,delta_5,fret,781,0.08579747762053876,0.016470835568787194
taousdt,buy_dom,delta_25,fret,781,0.05186243819938571,0.14761135083817048
taousdt,buy_dom,accel,fret,781,0.042197171007372365,0.23883889964339375
taousdt,buy_dom,ar1_resid,fret,781,0.04806687854848944,0.1796221691306594
taousdt,buy_dom,delta_5,signed_fret,781,0.08579747762053876,0.016470835568787194
taousdt,buy_dom,delta_25,signed_fret,781,0.05186243819938571,0.14761135083817048
taousdt,buy_dom,accel,signed_fret,781,0.042197171007372365,0.23883889964339375
taousdt,buy_dom,ar1_resid,signed_fret,781,0.04806687854848944,0.1796221691306594
taousdt,sell_dom,delta_5,fret,3985,-0.006782149527700627,0.6686464711072166
taousdt,sell_dom,delta_25,fret,3985,0.03349869317444391,0.034464291295653954
taousdt,sell_dom,accel,fret,3985,-0.01677900208893513,0.2896235077103372
taousdt,sell_dom,ar1_resid,fret,3985,-0.003976521565407271,0.8018546639664736
taousdt,sell_dom,delta_5,signed_fret,3985,0.006782149527700627,0.6686464711072166
taousdt,sell_dom,delta_25,signed_fret,3985,-0.03349869317444391,0.034464291295653954
taousdt,sell_dom,accel,signed_fret,3985,0.01677900208893513,0.2896235077103372
taousdt,sell_dom,ar1_resid,signed_fret,3985,0.003976521565407271,0.8018546639664736
taousdt,delta5_conditional,rising_buy,fret,384,-0.020498843971967634,-4.710199930578601
taousdt,delta5_conditional,rising_sell,fret,1999,-0.010195795127882677,-7.124804233267626
taousdt,delta5_conditional,falling_buy,fret,397,-0.023602483057076053,-6.208415805063173
taousdt,delta5_conditional,falling_sell,fret,1986,-0.009523040991083895,-6.494598875086773
rndrusdt,oos_all,delta_5,fret,4579,-0.004164527174356554,0.7781499409375111
rndrusdt,oos_all,delta_25,fret,4579,-0.028200921525434165,0.05636961728570243
rndrusdt,oos_all,accel,fret,4579,0.007892115275157607,0.5934047707159962
rndrusdt,oos_all,ar1_resid,fret,4579,-0.0031470029820319335,0.8314090526154428
rndrusdt,oos_all,delta_5,signed_fret,4579,0.017362651330559805,0.24012715930335346
rndrusdt,oos_all,delta_25,signed_fret,4579,0.05569655736233395,0.00016273163375988227
rndrusdt,oos_all,accel,signed_fret,4579,-0.006531345358372825,0.6585983758777265
rndrusdt,oos_all,ar1_resid,signed_fret,4579,0.0034818852398666505,0.8137821304025453
rndrusdt,high_vpin,delta_5,fret,1263,-0.006559197136397052,0.8158568356525585
rndrusdt,high_vpin,delta_25,fret,1263,-0.06660502484724773,0.017916364043540293
rndrusdt,high_vpin,accel,fret,1263,0.006619384841508768,0.8141978265488363
rndrusdt,high_vpin,ar1_resid,fret,1263,-0.012063676960001154,0.6684191718346353
rndrusdt,high_vpin,delta_5,signed_fret,1263,0.02333783775219691,0.4072808041298227
rndrusdt,high_vpin,delta_25,signed_fret,1263,0.11322812470859146,5.507559192165791e-05
rndrusdt,high_vpin,accel,signed_fret,1263,-0.007136790637416209,0.7999711562077757
rndrusdt,high_vpin,ar1_resid,signed_fret,1263,0.010197274390988578,0.7173157338075231
rndrusdt,buy_dom,delta_5,fret,163,0.04364861644526465,0.5800968053998313
rndrusdt,buy_dom,delta_25,fret,163,0.1500407335361697,0.055916509454090595
rndrusdt,buy_dom,accel,fret,163,0.01711639815784661,0.8283161559028605
rndrusdt,buy_dom,ar1_resid,fret,163,-0.05078668373595802,0.5196878817409347
rndrusdt,buy_dom,delta_5,signed_fret,163,0.04364861644526465,0.5800968053998313
rndrusdt,buy_dom,delta_25,signed_fret,163,0.1500407335361697,0.055916509454090595
rndrusdt,buy_dom,accel,signed_fret,163,0.01711639815784661,0.8283161559028605
rndrusdt,buy_dom,ar1_resid,signed_fret,163,-0.05078668373595802,0.5196878817409347
rndrusdt,sell_dom,delta_5,fret,1100,-0.014344555806920654,0.6346168954090903
rndrusdt,sell_dom,delta_25,fret,1100,-0.09725734859735796,0.0012394055986230076
rndrusdt,sell_dom,accel,fret,1100,0.006519196973040324,0.8290081952613118
rndrusdt,sell_dom,ar1_resid,fret,1100,-0.012056538889701561,0.6895763638216439
rndrusdt,sell_dom,delta_5,signed_fret,1100,0.014344555806920654,0.6346168954090903
rndrusdt,sell_dom,delta_25,signed_fret,1100,0.09725734859735796,0.0012394055986230076
rndrusdt,sell_dom,accel,signed_fret,1100,-0.006519196973040324,0.8290081952613118
rndrusdt,sell_dom,ar1_resid,signed_fret,1100,0.012056538889701561,0.6895763638216439
rndrusdt,delta5_conditional,rising_buy,fret,72,-0.01794972921139122,-2.088019163132197
rndrusdt,delta5_conditional,rising_sell,fret,559,-0.007930849466651537,-3.0181432339491647
rndrusdt,delta5_conditional,falling_buy,fret,91,-0.024469008644169128,-3.44334174227261
rndrusdt,delta5_conditional,falling_sell,fret,541,-0.013327635022015099,-5.290625563911126
