,basket,btcusdt,ethusdt,suiusdt,avaxusdt,linkusdt,equity
2024-01-01,0.0,0.0,0.0,0.0,0.0,0.0,0.0
2024-01-02,0.0,0.0,0.0,0.0,0.0,0.0,0.0
2024-01-03,-0.002556420694990534,0.0,0.0,0.0,-0.002556420694990534,0.0,-0.002556420694990534
2024-01-04,-0.00921951136939735,0.0,0.0,0.0,-0.00921951136939735,0.0,-0.011775932064387883
2024-01-05,0.0,0.0,0.0,0.0,0.0,0.0,-0.011775932064387883
2024-01-06,0.0,0.0,0.0,0.0,0.0,0.0,-0.011775932064387883
2024-01-07,0.0,0.0,0.0,0.0,0.0,0.0,-0.011775932064387883
2024-01-08,0.0,0.0,0.0,0.0,0.0,0.0,-0.011775932064387883
2024-01-09,-0.0014594444498052252,-0.0014594444498052252,0.0,0.0,0.0,0.0,-0.013235376514193108
2024-01-10,-0.00540917174458336,-0.0114745542670315,0.0060653825224481405,0.0,0.0,0.0,-0.01864454825877647
2024-01-11,0.01632912217826511,0.0,0.012459783436444175,0.0,0.003869338741820934,0.0,-0.0023154260805113604
2024-01-12,0.012889827918984399,0.0,0.0,0.004906854099300881,0.007982973819683516,0.0,0.010574401838473038
2024-01-13,-0.003771252365984635,0.0,0.00023736176825274013,-0.004008614134237375,0.0,0.0,0.006803149472488403
2024-01-14,-0.0022011747533399635,0.0,0.0003663461374961905,-0.0017985641715403333,0.0,-0.0007689567192958208,0.00460197471914844
2024-01-15,-0.0010836393623283173,0.0,0.0003663461374961905,-2.872706662876921e-05,0.0,-0.0014212584331957385,0.003518335356820122
2024-01-16,0.0026067726623373263,0.0,0.00019233172218550003,0.0,0.0,0.002414440940151826,0.006125108019157449
2024-01-17,0.0024225573682671612,0.0,0.0,0.001808449244645785,0.0,0.0006141081236213761,0.00854766538742461
2024-01-18,0.000836818765764703,0.0,0.0,0.009864268607158827,0.0,-0.009027449841394124,0.009384484153189312
2024-01-19,-0.007351556397259802,0.0,0.0,0.00596651247002454,0.0,-0.013318068867284342,0.0020329277559295103
2024-01-20,0.0008852538306043913,0.0,0.0,0.0005145265029924352,0.0,0.00037072732761195607,0.0029181815865339015
2024-01-21,0.0018752270603589962,0.0,0.0,0.0005834001293772493,0.0,0.0012918269309817468,0.004793408646892898
2024-01-22,0.00090314545263313,0.0,0.0,0.0005003466387367381,0.0,0.0004027988138963919,0.0056965540995260276
2024-01-23,-8.414486288111984e-05,0.0,-8.414486288111984e-05,0.0,0.0,0.0,0.005612409236644907
2024-01-24,-0.00036404330414916526,0.0,-0.0012890276866894953,0.00092498438254033,0.0,0.0,0.005248365932495742
2024-01-25,-0.00039119365545854754,0.0,-0.0012890276866894953,0.0008978340312309478,0.0,0.0,0.004857172277037194
2024-01-26,-0.023227125813554426,0.0003405483655247315,-0.0012890276866894953,-0.022278646492389663,0.0,0.0,-0.01836995353651723
2024-01-27,-0.003164074994375834,0.0025946542135217637,-0.0005021837029394492,-0.005256545504958149,0.0,0.0,-0.021534028530893066
2024-01-28,0.002527196363479753,0.0025946542135217637,0.0,-0.002766026081374134,0.004780732639797905,-0.002082164408465782,-0.019006832167413314
2024-01-29,-0.023862900075288216,0.0025946542135217637,0.0,-0.018719697017256176,-0.004653169259011904,-0.0030846880125418993,-0.04286973224270153
2024-01-30,-0.009928375406070732,0.0017333731620888448,0.0,-0.0013096311637148352,-0.0051839975299706395,-0.005168119874474101,-0.05279810764877227
2024-01-31,-0.00304116667676632,0.0,0.0,0.003457688188004275,-0.004233315265450224,-0.002265539599320371,-0.05583927432553859
2024-02-01,0.009802220116182236,0.0,0.0,0.0,0.0,0.009802220116182236,-0.04603705420935635
2024-02-02,-0.01897083866782519,0.0,0.0,0.0,-0.007509464040287539,-0.011461374627537652,-0.06500789287718155
2024-02-03,-0.0053792240103064555,0.0,-0.00023277941086569047,0.0,-0.003727255638203417,-0.0014191889612373487,-0.070387116887488
2024-02-04,-0.00822579008820995,0.0,-0.0031327322583793856,-0.0026496739886176643,-0.0031288365436103597,0.0006854527023974589,-0.07861290697569795
2024-02-05,-0.009159088947762076,0.0021254154784980266,-0.0031327322583793856,-0.0036807826885762707,0.0004380093649064905,-0.004908998844210937,-0.08777199592346002
2024-02-06,0.0002368952742288189,0.004119243996012325,-0.0031327322583793856,0.00023886424085903422,0.0017455544968339,-0.0027340352010970554,-0.0875351006492312
2024-02-07,0.006369541204975623,0.004119243996012325,-0.0022938147904431614,0.00024019867795880537,0.0010097547887934991,0.003294158532654154,-0.08116555944425558
2024-02-08,0.009498168210635856,0.005173166212484546,0.0020456744924534104,1.017508288575495e-05,0.0,0.0022691524228121438,-0.07166739123361972
2024-02-09,0.003499077037976838,0.006887815889973962,0.0020456744924534104,0.0,-0.0054520752838080324,1.7661939357497216e-05,-0.06816831419564288
2024-02-10,-0.008013801488420309,0.0031138667669257285,0.0020456744924534104,0.0005834639623886412,-0.008524417381849694,-0.005232389328338394,-0.07618211568406319
2024-02-11,-0.009152499194269494,0.004826770974388339,8.94982590448367e-05,0.0011572838923411067,-0.0038123088846605574,-0.01141374343538322,-0.08533461487833269
2024-02-12,0.01028448037379651,0.005605282421870329,0.003419810620570221,0.0007184804164951038,-0.0005205199807263848,0.0010614268955872383,-0.07505013450453618
2024-02-13,0.014541892986218457,0.005751754682366722,0.0092915609313606,0.0,-0.0024002225537299595,0.0018987999262210938,-0.060508241518317726
2024-02-14,0.011990325957054019,0.012610712122246582,0.006608054803902955,0.0,-0.007228440969095518,0.0,-0.04851791556126371
2024-02-15,0.007670271264692066,0.0009042984665627019,0.0049905088549592755,0.0,0.001775463943170089,0.0,-0.040847644296571645
2024-02-16,0.00432776775175713,-0.0014763489372325764,0.0010882081808730642,0.0,0.004715908508116642,0.0,-0.03651987654481451
2024-02-17,4.373335441472197e-05,-0.0008437744273211183,0.0,0.0,0.0008875077817358403,0.0,-0.03647614319039979
2024-02-18,0.0004309416251777988,0.0,0.0,0.0,0.0004309416251777988,0.0,-0.03604520156522199
2024-02-19,0.005620205285225322,0.0,0.0,0.0,0.0020279605890719944,0.003592244696153328,-0.03042499627999667
2024-02-20,0.009155881606832748,0.00011203231594181751,0.0,0.0,0.0005337479605960319,0.0085101013302949,-0.021269114673163923
2024-02-21,-2.131385442236556e-05,0.003102433364542639,-0.0031237472189650046,0.0,0.0,0.0,-0.021290428527586287
2024-02-22,-0.0026683618682695094,0.003102433364542639,-0.0057707952328121485,0.0,0.0,0.0,-0.023958790395855797
2024-02-23,0.0017011311827471896,0.0012646724895739785,0.000436458693173211,0.0,0.0,0.0,-0.022257659213108606
2024-02-24,-0.0029462147098631175,-0.0033826734030363284,0.000436458693173211,0.0,0.0,0.0,-0.025203873922971725
2024-02-25,-0.010986374872067769,-0.011997659360522939,0.0010112844884551705,0.0,0.0,0.0,-0.036190248795039494
2024-02-26,-0.006770944633477856,-0.011997659360522939,0.0052267147270450825,0.0,0.0,0.0,-0.04296119342851735
2024-02-27,0.007297834254577851,0.0064376041224183484,0.0008602301321595032,0.0,0.0,0.0,-0.03566335917393949
2024-02-28,0.014660532244677667,0.010967412601839992,0.00456891810051856,0.0,-0.0008757984576808846,0.0,-0.021002826929261826
2024-02-29,-0.008736668218393202,0.0,0.0036209743450838685,0.0,-0.01235764256347707,0.0,-0.02973949514765503
2024-03-01,-0.0003646739393547484,0.0,0.0,0.0,-0.0003646739393547484,0.0,-0.030104169087009778
2024-03-02,-0.0037087703144966155,0.0,0.0,0.0,-0.0037087703144966155,0.0,-0.03381293940150639
2024-03-03,-0.0003683014965090389,0.0,0.0,0.0,-0.0003683014965090389,0.0,-0.03418124089801543
2024-03-04,0.019603540447313123,0.019603540447313123,0.0,0.0,0.0,0.0,-0.014577700450702304
2024-03-05,0.007447184391824558,0.012063664612577978,-0.0029735579540965036,0.0,-0.0016429222666569173,0.0,-0.007130516058877746
2024-03-06,-0.03747589391401109,-0.010955089507966807,-0.016436660838288035,0.0,-0.01008414356775625,0.0,-0.04460640997288884
2024-03-07,0.0015940460456720193,0.0015940460456720193,0.0,0.0,0.0,0.0,-0.04301236392721682
2024-03-08,0.0009143625234201999,0.0009143625234201999,0.0,0.0,0.0,0.0,-0.042098001403796624
2024-03-09,0.0,0.0,0.0,0.0,0.0,0.0,-0.042098001403796624
2024-03-10,0.005214885071181953,0.005214885071181953,0.0,0.0,0.0,0.0,-0.03688311633261467
2024-03-11,0.01699558632811902,0.004255360860512043,0.0,0.0,0.006029646648805374,0.0067105788188016055,-0.01988753000449565
2024-03-12,-0.02531313938759362,0.0015278510111598326,0.0,0.0,-0.026840990398753452,0.0,-0.04520066939208927
2024-03-13,-0.0005903393314949908,-0.004853282557534614,0.004262943226039624,0.0,0.0,0.0,-0.04579100872358426
2024-03-14,0.004433534311779743,-0.004549339609486992,0.010509156054451473,0.0,-0.0015262821331847385,0.0,-0.04135747441180452
2024-03-15,0.0016458829441947597,-0.009370872302229409,0.011790981099710687,0.0,-0.0007742258532865182,0.0,-0.03971159146760976
2024-03-16,-0.001982170989357373,-4.081390375535457e-05,0.004511356604107133,0.0,-0.0064527136897091514,0.0,-0.04169376245696713
2024-03-17,0.0,0.0,0.0,0.0,0.0,0.0,-0.04169376245696713
2024-03-18,0.014499562915889018,0.0,0.0,0.0,0.014499562915889018,0.0,-0.027194199541078115
2024-03-19,0.018215475975074093,0.008034929962312396,0.0,0.0,0.010180546012761698,0.0,-0.008978723566004022
2024-03-20,-0.009013032091803203,-0.009221183164141958,0.0,0.0,0.0002081510723387552,0.0,-0.017991755657807224
2024-03-21,-0.003461998479579424,-0.008273709452910501,0.0048117109733310775,0.0,0.0,0.0,-0.02145375413738665
2024-03-22,0.0026411967447691038,0.0,0.0026411967447691038,0.0,0.0,0.0,-0.018812557392617547
2024-03-23,-0.0015265274105527931,0.0,-0.0015265274105527931,0.0,0.0,0.0,-0.02033908480317034
2024-03-24,-0.002401402431815183,0.0,-0.002401402431815183,0.0,0.0,0.0,-0.02274048723498552
2024-03-25,-0.004105344466167536,0.003347639180547363,-0.007452983646714899,0.0,0.0,0.0,-0.026845831701153056
2024-03-26,0.0005716260467694247,0.005198686727438258,-0.0046270606806688335,0.0,0.0,0.0,-0.026274205654383632
2024-03-27,-0.0008628102271835856,-0.0008628102271835856,0.0,0.0,0.0,0.0,-0.02713701588156722
2024-03-28,-0.001625821424960013,-0.0014152842202508743,-0.0002105372047091387,0.0,0.0,0.0,-0.028762837306527234
2024-03-29,-0.0006012047370186715,-0.00034939944234993426,-0.0002518052946687373,0.0,0.0,0.0,-0.029364042043545906
2024-03-30,-0.0005744504244601182,-0.00034939944234993426,-0.00022505098211018397,0.0,0.0,0.0,-0.029938492468006023
2024-03-31,-0.00034939944234993426,-0.00034939944234993426,0.0,0.0,0.0,0.0,-0.030287891910355958
2024-04-01,0.006041616529857566,0.006041616529857566,0.0,0.0,0.0,0.0,-0.02424627538049839
2024-04-02,0.016836440216821607,0.010555803975951905,0.006280636240869703,0.0,0.0,0.0,-0.007409835163676784
2024-04-03,-0.00639175735166584,-0.009452051921541348,0.0030602945698755078,0.0,0.0,0.0,-0.013801592515342624
2024-04-04,-0.007741225497000174,-0.007741225497000174,0.0,0.0,0.0,0.0,-0.0215428180123428
2024-04-05,-0.0053585611468477574,-0.0026115072710507095,-0.002747053875797048,0.0,0.0,0.0,-0.026901379159190556
2024-04-06,-0.008527194755414174,-0.004503026310706394,-0.004024168444707781,0.0,0.0,0.0,-0.03542857391460473
2024-04-07,-0.011948886926338238,-0.007924718481630457,-0.004024168444707781,0.0,0.0,0.0,-0.047377460840942964
2024-04-08,-0.008997887466451712,-0.007723567458960915,-0.0012743200074907973,0.0,0.0,0.0,-0.05637534830739468
2024-04-09,-0.018034868146894256,-0.007658776184320397,-0.010376091962573858,0.0,0.0,0.0,-0.07441021645428894
2024-04-10,-0.01382114015919408,-0.00710462496548297,-0.006716515193711111,0.0,0.0,0.0,-0.08823135661348303
2024-04-11,-0.009061048446820777,-0.008628832358259864,-0.0004322160885609138,0.0,0.0,0.0,-0.0972924050603038
2024-04-12,-0.0016021712514708638,-0.0013542473006713397,-0.0002479239507995241,0.0,0.0,0.0,-0.09889457631177466
2024-04-13,0.09036431250268978,0.0,0.01751774093173845,0.0,0.037062617747475185,0.03578395382347615,-0.008530263809084879
2024-04-14,0.0033973800594886694,0.0,0.0033973800594886694,0.0,0.0,0.0,-0.005132883749596209
2024-04-15,0.0,0.0,0.0,0.0,0.0,0.0,-0.005132883749596209
2024-04-16,0.0,0.0,0.0,0.0,0.0,0.0,-0.005132883749596209
2024-04-17,0.0,0.0,0.0,0.0,0.0,0.0,-0.005132883749596209
2024-04-18,0.0,0.0,0.0,0.0,0.0,0.0,-0.005132883749596209
2024-04-19,0.0,0.0,0.0,0.0,0.0,0.0,-0.005132883749596209
2024-04-20,0.0,0.0,0.0,0.0,0.0,0.0,-0.005132883749596209
2024-04-21,0.0,0.0,0.0,0.0,0.0,0.0,-0.005132883749596209
2024-04-22,0.0,0.0,0.0,0.0,0.0,0.0,-0.005132883749596209
2024-04-23,0.0,0.0,0.0,0.0,0.0,0.0,-0.005132883749596209
2024-04-24,0.0,0.0,0.0,0.0,0.0,0.0,-0.005132883749596209
2024-04-25,0.0,0.0,0.0,0.0,0.0,0.0,-0.005132883749596209
2024-04-26,0.0,0.0,0.0,0.0,0.0,0.0,-0.005132883749596209
2024-04-27,0.0,0.0,0.0,0.0,0.0,0.0,-0.005132883749596209
2024-04-28,0.0,0.0,0.0,0.0,0.0,0.0,-0.005132883749596209
2024-04-29,-0.009714762921825017,0.0,-0.009714762921825017,0.0,0.0,0.0,-0.014847646671421227
2024-04-30,-0.004374005682064518,0.0,-0.004374005682064518,0.0,0.0,0.0,-0.019221652353485746
2024-05-01,0.004764929710476263,0.0,0.004764929710476263,0.0,0.0,0.0,-0.014456722643009484
2024-05-02,0.0,0.0,0.0,0.0,0.0,0.0,-0.014456722643009484
2024-05-03,0.0,0.0,0.0,0.0,0.0,0.0,-0.014456722643009484
2024-05-04,0.0,0.0,0.0,0.0,0.0,0.0,-0.014456722643009484
2024-05-05,0.0,0.0,0.0,0.0,0.0,0.0,-0.014456722643009484
2024-05-06,-0.005923544881466781,-0.0027839986034282464,-0.0031395462780385345,0.0,0.0,0.0,-0.020380267524476265
2024-05-07,-0.010844488965298889,-0.005186232844678751,-0.005658256120620137,0.0,0.0,0.0,-0.031224756489775154
2024-05-08,-0.006438018883861469,-0.002902849772785468,-0.0035351691110760003,0.0,0.0,0.0,-0.037662775373636624
2024-05-09,0.001148670163254336,0.0,0.001148670163254336,0.0,0.0,0.0,-0.036514105210382286
2024-05-10,0.001148670163254336,0.0,0.001148670163254336,0.0,0.0,0.0,-0.03536543504712795
2024-05-11,0.001148670163254336,0.0,0.001148670163254336,0.0,0.0,0.0,-0.03421676488387361
2024-05-12,0.00037092474021754596,0.0,0.00037092474021754596,0.0,0.0,0.0,-0.03384584014365606
2024-05-13,0.0,0.0,0.0,0.0,0.0,0.0,-0.03384584014365606
2024-05-14,0.0,0.0,0.0,0.0,0.0,0.0,-0.03384584014365606
2024-05-15,0.0,0.0,0.0,0.0,0.0,0.0,-0.03384584014365606
2024-05-16,0.0,0.0,0.0,0.0,0.0,0.0,-0.03384584014365606
2024-05-17,0.008591288689084436,0.0,0.0010390307658502556,0.0,0.0,0.00755225792323418,-0.025254551454571623
2024-05-18,0.0024470652285010263,0.0,0.005480601841847502,0.0,0.0,-0.003033536613346476,-0.022807486226070598
2024-05-19,0.004140941114741374,0.0,0.005480601841847502,0.0,0.0,-0.0013396607271061282,-0.018666545111329223
2024-05-20,0.011977340011802215,0.002099001644280428,0.009878338367521786,0.0,0.0,0.0,-0.006689205099527008
2024-05-21,0.017490702096832123,0.005214500940193516,0.012276201156638605,0.0,0.0,0.0,0.010801496997305114
2024-05-22,-0.00803869251627455,0.0,-0.00803869251627455,0.0,0.0,0.0,0.002762804481030565
2024-05-23,-0.022322572904705136,0.0,-0.015257771214679089,0.0,0.0,-0.007064801690026046,-0.019559768423674573
2024-05-24,-0.0014261252411227122,0.0,0.001144274984237396,0.0,0.0,-0.002570400225360108,-0.020985893664797285
2024-05-25,-0.0033202106874275716,0.0,-0.0022432695142158374,0.0,0.0,-0.0010769411732117341,-0.024306104352224855
2024-05-26,-0.006512724290979785,-0.0007047158011797755,-0.005020495256888929,0.0,0.0,-0.0007875132329110805,-0.030818828643204642
2024-05-27,-0.004145744893207701,-0.001032340542928664,-0.0031134043502790373,0.0,0.0,0.0,-0.034964573536412344
2024-05-28,-0.004254030609644278,-0.001032340542928664,-0.003221690066715614,0.0,0.0,0.0,-0.03921860414605662
2024-05-29,-0.0025954339882142854,-0.00011111998899579369,-0.002484313999218492,0.0,0.0,0.0,-0.041814038134270905
2024-05-30,0.0,0.0,0.0,0.0,0.0,0.0,-0.041814038134270905
2024-05-31,0.0,0.0,0.0,0.0,0.0,0.0,-0.041814038134270905
2024-06-01,-0.000533945555113669,0.0,-0.000533945555113669,0.0,0.0,0.0,-0.042347983689384576
2024-06-02,-0.0008827572897401646,0.0,-0.0008827572897401646,0.0,0.0,0.0,-0.04323074097912474
2024-06-03,-0.0008827572897401646,0.0,-0.0008827572897401646,0.0,0.0,0.0,-0.04411349826886491
2024-06-04,0.0002193710017271773,0.00044557755722309444,-0.00022620655549591715,0.0,0.0,0.0,-0.043894127267137734
2024-06-05,0.00245835893640328,0.00245835893640328,0.0,0.0,0.0,0.0,-0.04143576833073445
2024-06-06,0.00245835893640328,0.00245835893640328,0.0,0.0,0.0,0.0,-0.03897740939433117
2024-06-07,0.0029387029724463522,0.0012769808919650372,0.0011696352093782385,0.0,0.0,0.0004920868711030766,-0.036038706421884815
2024-06-08,0.006202549345144252,0.0,0.0033220408313701447,0.0,0.0,0.0028805085137741065,-0.029836157076740564
2024-06-09,0.007373464086934289,0.0011709147417900384,0.0033220408313701447,0.0,0.0,0.0028805085137741065,-0.022462692989806275
2024-06-10,0.009852153735139176,0.0036496043899949242,0.0033220408313701447,0.0,0.0,0.0028805085137741065,-0.012610539254667099
2024-06-11,0.0055244020101709885,0.0036496043899949242,0.00030452040954226324,0.0,0.0,0.001570277210633801,-0.00708613724449611
2024-06-12,0.002106852372187156,0.0006158707408116435,0.0014909816313755124,0.0,0.0,0.0,-0.004979284872308955
2024-06-13,0.007230828886027932,0.0011313585758553817,0.006099470310172551,0.0,0.0,0.0,0.0022515440137189776
2024-06-14,0.006454680107242877,0.002113043254515888,0.004341636852726989,0.0,0.0,0.0,0.008706224120961854
2024-06-15,0.0024313331786161097,0.002113043254515888,0.0003182899241002214,0.0,0.0,0.0,0.011137557299577962
2024-06-16,0.002444407794205108,0.0008305433903166616,0.0016138644038884466,0.0,0.0,0.0,0.01358196509378307
2024-06-17,0.0016138644038884466,0.0,0.0016138644038884466,0.0,0.0,0.0,0.015195829497671516
2024-06-18,4.0346610097211164e-05,0.0,4.0346610097211164e-05,0.0,0.0,0.0,0.015236176107768727
2024-06-19,-0.0005663852286852187,0.0,-0.0005663852286852187,0.0,0.0,0.0,0.014669790879083508
2024-06-20,-0.002112939713229832,0.0,-0.002112939713229832,0.0,0.0,0.0,0.012556851165853675
2024-06-21,-0.001273633104919093,0.0,-0.001273633104919093,0.0,0.0,0.0,0.011283218060934581
2024-06-22,0.0,0.0,0.0,0.0,0.0,0.0,0.011283218060934581
2024-06-23,-2.1283678729756568e-05,0.0,0.0,0.0,-2.1283678729756568e-05,0.0,0.011261934382204825
2024-06-24,-0.0001245873876863799,0.0,0.0,0.0,-0.0001245873876863799,0.0,0.011137346994518444
2024-06-25,-6.0130718362523636e-05,0.0,0.0,0.0,-6.0130718362523636e-05,0.0,0.01107721627615592
2024-06-26,0.0004513129667614348,0.0004513129667614348,0.0,0.0,0.0,0.0,0.011528529242917356
2024-06-27,0.0006544719759682438,0.0006544719759682438,0.0,0.0,0.0,0.0,0.0121830012188856
2024-06-28,0.0006544719759682438,0.0006544719759682438,0.0,0.0,0.0,0.0,0.012837473194853843
2024-06-29,0.0003154191328624731,0.0003154191328624731,0.0,0.0,0.0,0.0,0.013152892327716317
2024-06-30,0.0,0.0,0.0,0.0,0.0,0.0,0.013152892327716317
2024-07-01,0.0,0.0,0.0,0.0,0.0,0.0,0.013152892327716317
2024-07-02,-0.0023431502724793754,0.0,0.0,0.0,-0.0023431502724793754,0.0,0.01080974205523694
2024-07-03,-0.010042072596340181,0.0,0.0,0.0,-0.010042072596340181,0.0,0.0007676694588967595
2024-07-04,0.00670696306483516,0.0028335641794398525,0.011955872593144106,0.0,-0.008082473707748799,0.0,0.007474632523731919
2024-07-05,0.012773862744216366,0.004233953749113432,0.008539908995102933,0.0,0.0,0.0,0.020248495267948287
2024-07-06,0.0002439466483757371,0.0002439466483757371,0.0,0.0,0.0,0.0,0.020492441916324024
2024-07-07,0.0006768461920251665,0.0006768461920251665,0.0,0.0,0.0,0.0,0.02116928810834919
2024-07-08,0.0012921246945317025,0.0012921246945317025,0.0,0.0,0.0,0.0,0.02246141280288089
2024-07-09,0.0022214599434816898,0.0022214599434816898,0.0,0.0,0.0,0.0,0.02468287274636258
2024-07-10,0.0011631811092952737,0.0011631811092952737,0.0,0.0,0.0,0.0,0.025846053855657854
2024-07-11,0.0,0.0,0.0,0.0,0.0,0.0,0.025846053855657854
2024-07-12,0.0,0.0,0.0,0.0,0.0,0.0,0.025846053855657854
2024-07-13,0.0,0.0,0.0,0.0,0.0,0.0,0.025846053855657854
2024-07-14,-0.012032339738112933,-0.012032339738112933,0.0,0.0,0.0,0.0,0.013813714117544921
2024-07-15,-0.014989928685237915,-0.013666123887856702,0.0,0.0,-0.0013238047973812132,0.0,-0.0011762145676929934
2024-07-16,-0.005738871896860566,-0.0004583209045366127,0.0,0.0,-0.005280550992323953,0.0,-0.00691508646455356
2024-07-17,-0.0026693418422883432,-0.00023075405763873963,0.0,0.0,-0.0024385877846496034,0.0,-0.009584428306841903
2024-07-18,-0.0025626342956190304,0.0,0.0,0.0,-0.0025626342956190304,0.0,-0.012147062602460934
2024-07-19,-0.0016944661919076692,0.0013527620373998486,0.0,0.0,-0.0030472282293075178,0.0,-0.013841528794368603
2024-07-20,0.0005870578413189409,0.0036342860706264587,0.0,0.0,-0.0030472282293075178,0.0,-0.01325447095304966
2024-07-21,0.005112339463357381,0.0036342860706264587,-0.000154889715963983,0.0,0.001632943108694905,0.0,-0.00814213148969228
2024-07-22,0.000738987211595054,-0.0030667127572528707,-0.004208324358266707,0.0,0.008014024327114632,0.0,-0.007403144278097226
2024-07-23,0.005719606276552502,-0.003764906455569408,0.0015479437820023387,0.0,0.007936568950119571,0.0,-0.0016835380015447245
2024-07-24,0.017390511688585426,-0.0013804657003754495,0.01363677504659898,0.0,0.005134202342361894,0.0,0.0157069736870407
2024-07-25,0.0032410931139463996,0.0,0.00011906127253073643,0.0,0.003122031841415663,0.0,0.018948066800987103
2024-07-26,-0.004557128027409435,0.0,-0.0027589517890940856,0.0,-0.0017981762383153495,0.0,0.014390938773577668
2024-07-27,-0.000993163165555614,0.0008545629910907494,-0.0002893067501063937,0.0,-0.0015584194065399696,0.0,0.013397775608022054
2024-07-28,0.0021475928571914123,0.0021475928571914123,0.0,0.0,0.0,0.0,0.015545368465213465
2024-07-29,-0.00346855296082746,-0.00346855296082746,0.0,0.0,0.0,0.0,0.012076815504386006
2024-07-30,-0.010227303313368468,-0.010227303313368468,0.0,0.0,0.0,0.0,0.001849512191017538
2024-07-31,0.007080806569720275,0.007080806569720275,0.0,0.0,0.0,0.0,0.008930318760737813
2024-08-01,0.006152432549080121,0.006152432549080121,0.0,0.0,0.0,0.0,0.015082751309817934
2024-08-02,0.006509744196974793,0.006509744196974793,0.0,0.0,0.0,0.0,0.021592495506792726
2024-08-03,0.013699767128360135,0.013699767128360135,0.0,0.0,0.0,0.0,0.03529226263515286
2024-08-04,0.003934345021407105,0.003934345021407105,0.0,0.0,0.0,0.0,0.03922660765655996
2024-08-05,0.029395177802798794,0.029395177802798794,0.0,0.0,0.0,0.0,0.06862178545935876
2024-08-06,0.0,0.0,0.0,0.0,0.0,0.0,0.06862178545935876
2024-08-07,0.0,0.0,0.0,0.0,0.0,0.0,0.06862178545935876
2024-08-08,0.0,0.0,0.0,0.0,0.0,0.0,0.06862178545935876
2024-08-09,0.000742284020893671,0.0,-0.00021918707650794289,0.0009614710974016139,0.0,0.0,0.06936406948025244
2024-08-10,0.0016095153739467218,0.0,-0.0005107271685621971,0.002120242542508919,0.0,0.0,0.07097358485419916
2024-08-11,0.012010044373063276,0.0,-0.0005107271685621971,0.012520771541625472,0.0,0.0,0.08298362922726243
2024-08-12,0.0060528781533022505,0.0,-0.0001752077925484204,0.006228085945850671,0.0,0.0,0.08903650738056468
2024-08-13,-0.00817367221654602,0.0,0.0,-0.00817367221654602,0.0,0.0,0.08086283516401865
2024-08-14,-0.005928379378227346,0.0,0.0,-0.005928379378227346,0.0,0.0,0.0749344557857913
2024-08-15,-0.0001217756373319205,0.0,0.0,-0.0001217756373319205,0.0,0.0,0.07481268014845939
2024-08-16,0.0012281149253309078,-0.0010564554465742964,0.0,0.002284570371905204,0.0,0.0,0.0760407950737903
2024-08-17,-0.0006333628178898912,-0.002240494614237094,0.0,0.0016071317963472027,0.0,0.0,0.07540743225590041
2024-08-18,-0.002240494614237094,-0.002240494614237094,0.0,0.0,0.0,0.0,0.07316693764166332
2024-08-19,-0.001669479667414168,-0.001669479667414168,0.0,0.0,0.0,0.0,0.07149745797424915
2024-08-20,0.0,0.0,0.0,0.0,0.0,0.0,0.07149745797424915
2024-08-21,0.0,0.0,0.0,0.0,0.0,0.0,0.07149745797424915
2024-08-22,0.0031943280962960945,0.0,0.0,0.0,0.0031943280962960945,0.0,0.07469178607054525
2024-08-23,0.005796155668816347,0.0,0.0,0.0,0.005796155668816347,0.0,0.0804879417393616
2024-08-24,-0.0022480924642635505,0.0,-0.0005774596200747494,0.0,-0.0016706328441888013,0.0,0.07823984927509804
2024-08-25,-0.002293823286583214,0.0,-0.0065995385151399934,0.0,-0.001641628801754968,0.005947344030311748,0.07594602598851483
2024-08-26,0.0065269724838015125,0.0,-0.0065995385151399934,0.0,0.006947452266150079,0.006179058732791427,0.08247299847231634
2024-08-27,0.007617714215567091,0.0,-0.0059854147922033555,0.0,0.007719391406833421,0.005883737600937026,0.09009071268788343
2024-08-28,0.0034807048513512736,0.0,0.0,0.0,0.0027017869923916973,0.0007789178589595765,0.0935714175392347
2024-08-29,0.0007789178589595765,0.0,0.0,0.0,0.0,0.0007789178589595765,0.09435033539819428
2024-08-30,0.0007789178589595765,0.0,0.0,0.0,0.0,0.0007789178589595765,0.09512925325715385
2024-08-31,0.0007789178589595765,0.0,0.0,0.0,0.0,0.0007789178589595765,0.09590817111611342
2024-09-01,0.00030453524624600106,0.0,0.0,0.0,0.0,0.00030453524624600106,0.09621270636235943
2024-09-02,0.0,0.0,0.0,0.0,0.0,0.0,0.09621270636235943
2024-09-03,0.0,0.0,0.0,0.0,0.0,0.0,0.09621270636235943
2024-09-04,0.0,0.0,0.0,0.0,0.0,0.0,0.09621270636235943
2024-09-05,0.0,0.0,0.0,0.0,0.0,0.0,0.09621270636235943
2024-09-06,0.0,0.0,0.0,0.0,0.0,0.0,0.09621270636235943
2024-09-07,0.0,0.0,0.0,0.0,0.0,0.0,0.09621270636235943
2024-09-08,-0.0020310570272016825,0.0,0.0,-0.0015359089886999141,0.0,-0.0004951480385017682,0.09418164933515774
2024-09-09,-0.00497442936603671,0.0,0.0,-0.002925540930856979,0.0,-0.002048888435179731,0.08920721996912104
2024-09-10,-0.003613240182929643,0.0,0.0,-0.0015643517477499124,0.0,-0.002048888435179731,0.08559397978619139
2024-09-11,-0.002048888435179731,0.0,0.0,0.0,0.0,-0.002048888435179731,0.08354509135101167
2024-09-12,-0.0030400340045152333,0.0,0.0,-0.0010324079058773167,0.0,-0.0020076260986379166,0.08050505734649643
2024-09-13,-0.0007597302313449932,0.0,0.0,-0.0007597302313449932,0.0,0.0,0.07974532711515143
2024-09-14,0.0,0.0,0.0,0.0,0.0,0.0,0.07974532711515143
2024-09-15,-0.0002478787602388448,0.0,0.0,-0.0002478787602388448,0.0,0.0,0.07949744835491258
2024-09-16,-0.004548730350711013,0.0,0.0,-0.0016525250682589655,-0.0028962052824520476,0.0,0.07494871800420157
2024-09-17,-0.01015900830497097,0.0,0.0,-0.0051099337205509346,-0.005049074584420035,0.0,0.06478970969923059
2024-09-18,-0.00823527421087136,0.0,0.0,-0.0031861996264513238,-0.005049074584420035,0.0,0.05655443548835923
2024-09-19,-0.0005504893817735732,0.0,0.0,0.0,-0.0005504893817735732,0.0,0.056003946106585656
2024-09-20,-0.001013901351154816,0.0,0.0,-0.001013901351154816,0.0,0.0,0.05499004475543084
2024-09-21,-0.003187812108434356,0.0,0.0,-0.003187812108434356,0.0,0.0,0.05180223264699648
2024-09-22,-0.004946472138393331,0.0,0.0,-0.004946472138393331,0.0,0.0,0.04685576050860315
2024-09-23,0.0018856067270700198,-0.0014927286111623183,0.0,0.003378335338232338,0.0,0.0,0.04874136723567317
2024-09-24,-0.021482136499720143,-0.0017362917609642474,0.0,-0.019745844738755895,0.0,0.0,0.027259230735953027
2024-09-25,-0.003143850481608219,-0.0010068080697257964,0.0,-0.0021370424118824227,0.0,0.0,0.024115380254344808
2024-09-26,0.0004501476787758597,0.0,0.0,0.0004501476787758597,0.0,0.0,0.024565527933120668
2024-09-27,0.0013953112929028979,-0.0018957786838136865,0.0,0.0018393531127746414,0.001451736863941943,0.0,0.025960839226023567
2024-09-28,-0.0003430765213301044,-0.0048488833120634255,0.0,0.0022458056187588367,0.0022600011719744843,0.0,0.025617762704693462
2024-09-29,-0.007692660827449472,-0.0048488833120634255,0.0,-0.005103778687360531,0.0022600011719744843,0.0,0.01792510187724399
2024-09-30,0.008719567062439662,-0.0032501078013740725,0.0,0.008377591378608329,0.0035920834852054048,0.0,0.026644668939683654
2024-10-01,0.00527344104574645,0.007427459196489808,0.001945635131038748,-0.011550372654848432,0.0074848460935984,-3.41267205320742e-05,0.031918109985430106
2024-10-02,0.0126032277815006,0.0031268784126924766,0.008922657925782793,-0.0028641323738021183,0.0038307858131819586,-0.00041296199635451137,0.04452133776693071
2024-10-03,-0.009670501076499196,0.0001066562263612934,0.005471324269768199,-0.014835519576274176,0.0,-0.00041296199635451137,0.034850836690431514
2024-10-04,-0.000973735165365578,2.1923779863154753e-05,0.0,-0.0005826969488742213,0.0,-0.00041296199635451137,0.033877101525065935
2024-10-05,-0.0003444217761262279,0.0,0.0,0.0,0.0,-0.0003444217761262279,0.033532679748939705
2024-10-06,-0.007331977661507359,0.0,0.0,-0.007331977661507359,0.0,0.0,0.026200702087432345
2024-10-07,-0.0010854766313828793,0.0,0.0,-0.0010854766313828793,0.0,0.0,0.025115225456049467
2024-10-08,-0.008300699875361252,0.0,0.0002783608599482865,-0.008579060735309538,0.0,0.0,0.016814525580688217
2024-10-09,0.0010014827564992239,0.0,0.0009705560250012895,3.0926731497934404e-05,0.0,0.0,0.01781600833718744
2024-10-10,-0.003612084180066562,0.0,0.0009705560250012895,-0.004582640205067851,0.0,0.0,0.014203924157120877
2024-10-11,-0.009258879567372303,0.0,0.0003491305701046305,-0.009608010137476933,0.0,0.0,0.004945044589748574
2024-10-12,0.01157647770451438,0.0029294076468640586,0.0,0.008647070057650322,0.0,0.0,0.016521522294262955
2024-10-13,-0.0011871264972391272,0.005543162958586392,0.0,-0.006832433508163997,0.00010214405233847786,0.0,0.015334395797023828
2024-10-14,0.004796165522569666,0.005300649579148237,0.0038405191995136917,-0.004452288037541867,0.00010728478144960476,0.0,0.020130561319593496
2024-10-15,0.00939304103305991,-0.00012145919129508779,0.003226387700586133,0.005746159876615521,0.0005419526471533439,0.0,0.029523602352653406
2024-10-16,0.003007297619341627,-0.000936018907438855,0.0009021300107119486,0.0017906503668182932,0.0012505361492502402,0.0,0.032530899971995035
2024-10-17,-0.00024703779086495694,-0.0023997039508271457,0.0009021300107119486,0.0,0.0012505361492502402,0.0,0.03228386218113008
2024-10-18,-0.0012443028763264655,-0.001979755759432395,0.00046860642223092887,0.0,0.0002668464608750008,0.0,0.031039559304803614
2024-10-19,-0.0014683052349645977,-0.0014745823079557988,0.0,0.00012587512624563502,-0.00011959805325443381,0.0,0.029571254069839015
2024-10-20,-0.0008985049507539735,-0.0018708357034857713,0.0,0.0010919288059862316,-0.00011959805325443381,0.0,0.02867274911908504
2024-10-21,-0.00138380664230341,-0.0018708357034857713,0.0,0.0006066271144367953,-0.00011959805325443381,0.0,0.02728894247678163
2024-10-22,0.004707105939109548,-0.0007210512607184744,0.0020668150986722835,0.0034165731465822654,-5.523104542652673e-05,0.0,0.03199604841589118
2024-10-23,0.006173659160917257,-0.0009298706395633726,0.003329098145512403,0.002309838191499031,0.0014645934634691955,0.0,0.03816970757680844
2024-10-24,0.003761302353539251,-0.0013038108285990814,0.002838980918534188,-0.0001172172779465686,0.002343349541550713,0.0,0.04193100993034769
2024-10-25,0.0017952296410459609,-0.00045633379000967845,0.0,-4.932893780251429e-05,0.002343349541550713,-4.245717269255941e-05,0.043726239571393655
2024-10-26,5.363026408767408e-05,0.0,0.0,0.0001879603065087361,0.00113938513835572,-0.0012737151807767821,0.04377986983548133
2024-10-27,-0.005942840911042208,-0.00398999804173904,0.0,0.00021880585397945028,-0.0008979335425058359,-0.0012737151807767821,0.03783702892443912
2024-10-28,-0.01254503443336746,-0.008196286990162935,-0.0022515534896788035,7.445476975689627e-05,-0.0008979335425058359,-0.0012737151807767821,0.025291994491071657
2024-10-29,-0.015093253659454504,-0.0037292211530138724,-0.010526743588108692,0.0,-0.0008979335425058359,6.064462417389578e-05,0.010198740831617153
2024-10-30,-0.00753081942491102,0.001681954550180671,-0.008717229748051995,0.0,-0.0008979335425058359,0.0004023893154661398,0.0026679214067061334
2024-10-31,-0.009621662302193584,-0.0035612543177175704,-0.006217113398425482,0.0,-0.00017833957858102019,0.00033504499253048727,-0.006953740895487451
2024-11-01,-0.0013501120895149403,-0.002149363520136411,-0.0022478792097528465,0.0,0.0030471306403743173,0.0,-0.008303852985002391
2024-11-02,0.00968215476033344,0.0026245473891855354,0.0033327617666156334,0.0,0.0037248456045322724,0.0,0.0013783017753310495
2024-11-03,0.00968215476033344,0.0026245473891855354,0.0033327617666156334,0.0,0.0037248456045322724,0.0,0.01106045653566449
2024-11-04,0.0027219542283544963,0.001924668085402726,-0.0018648075632679833,-0.0010627518983125188,0.0037248456045322724,0.0,0.013782410764018985
2024-11-05,-0.005935136229719682,0.01372219121394522,-0.00903467046444331,-0.00030815854300511694,-0.010314498436216476,0.0,0.007847274534299304
2024-11-06,0.00880073834391553,0.007427697228131761,0.008492657818172407,0.004339853812376204,-0.011459470514764841,0.0,0.016648012878214834
2024-11-07,-0.0030016647875463942,-0.003901120024712086,0.00810021317563262,-0.0024100626260444044,-0.004790695312422524,0.0,0.01364634809066844
2024-11-08,-0.012013453434288598,-0.00395784548079795,0.0038481575812918905,-0.005240367264613358,-0.006663398270169181,0.0,0.0016328946563798422
2024-11-09,-0.00666685468273463,0.0,-0.003063277780371122,0.010684973171830859,-0.010110952064324153,-0.004177598009870214,-0.005033960026354788
2024-11-10,-0.005185807363577859,0.0030876508264202707,-0.011933416737369352,0.010923688020072802,-0.0009079625343539306,-0.006355766938347649,-0.010219767389932646
2024-11-11,-0.05386605686166495,-0.021777967274957625,-0.0061368766074468084,-0.007208187598091604,-0.012828225911317222,-0.005914799469851692,-0.06408582425159759
2024-11-12,0.01255659917993177,-0.004197237024232069,0.002602975270491855,0.003989033350838197,0.001205806340564371,0.008956021242269416,-0.05152922507166582
2024-11-13,-0.0046793429873280504,-0.015487797592252842,5.368249398096135e-05,0.0036125601346700593,-0.001943639139424169,0.00908585111569794,-0.056208568058993866
2024-11-14,-0.006641005089239737,-0.006408533960999689,-0.0001766710441078075,-5.580008413224123e-05,0.0,0.0,-0.0628495731482336
2024-11-15,-0.005191965377862099,0.0,-0.005191965377862099,0.0,0.0,0.0,-0.0680415385260957
2024-11-16,-0.0022571203739587824,0.0,-0.002740203949427219,0.0004830835754684364,0.0,0.0,-0.07029865890005448
2024-11-17,-0.0053847135017815306,0.0,0.0,-0.0053847135017815306,0.0,0.0,-0.07568337240183601
2024-11-18,0.0033534711102789112,-9.832102485068166e-05,0.0008868628444598407,0.0,0.0025649292906697522,0.0,-0.0723299012915571
2024-11-19,0.0047428357458107005,-0.000680684018197027,0.002831668505592396,0.0,0.002591851258415332,0.0,-0.0675870655457464
2024-11-20,-0.004870861806981204,0.0034286796075139146,-0.0054813084875294,0.0,-0.0015934690669603393,-0.0012247638600053786,-0.0724579273527276
2024-11-21,-0.011638892770940315,0.0074537271140686,-0.00827871403939249,-0.0040756828561596585,-0.004999118641444202,-0.0017391043480125636,-0.08409682012366791
2024-11-22,0.016948691510757667,0.0010940061655144,0.00013455769835719149,0.0028099032502935505,0.012910224396592526,0.0,-0.06714812861291025
2024-11-23,0.0128396022897054,0.0,4.1114852275808505e-06,0.0,0.010931789579100784,0.0019037012253770363,-0.05430852632320485
2024-11-24,-0.004877609108034381,0.0,-0.0027229446398107575,0.0008743735226554976,-0.007204294718904441,0.00417525672802532,-0.059186135431239226
2024-11-25,-0.011135209475355992,0.00028534630248414593,-0.014830881084607651,0.001785179275421641,0.007783420468715644,-0.006158274437369772,-0.07032134490659522
2024-11-26,-0.006246135059572573,0.004398508857804396,-0.012887821864205076,-0.00040011915324064657,-0.0008561989497397411,0.0034994960498084945,-0.07656747996616779
2024-11-27,-0.03424679441959886,0.0,-0.009385447420365995,-0.004761748600549843,-0.0046147594464138976,-0.01548483895226912,-0.11081427438576666
2024-11-28,-0.00428847895669551,0.0,-0.0015991665057172246,-0.00042326654227109716,-0.0007803427477989979,-0.0014857031609081905,-0.11510275334246217
2024-11-29,-0.007717805590430494,0.0,-0.0039635107886967355,0.0,-2.7095234298576316e-05,-0.0037271995674351814,-0.12282055893289266
2024-11-30,-0.003061999091368059,0.0,-0.000955096002554005,0.0,0.0,-0.002106903088814054,-0.1258825580242607
2024-12-01,-0.008393655063797334,-0.0015658850057769127,0.0,0.0,0.0,-0.006827770058020421,-0.13427621308805804
2024-12-02,-0.024557708464169888,-0.003534285906455728,0.0,0.0,-0.0013430802957777846,-0.019680342261936375,-0.15883392155222792
2024-12-03,-0.013853669396907162,-0.004426417914144391,-0.0013120636988574591,0.0,-0.008525450919565952,0.00041026313566063996,-0.17268759094913508
2024-12-04,-0.008235862635978825,-0.005077756228251874,-0.0020220492661681935,0.0,-0.0037467755826589145,0.0026107184411001574,-0.1809234535851139
2024-12-05,0.003557630069489396,4.612813754559378e-05,-0.0007980456068313791,0.0016337994088632,0.0050429649481471776,-0.0023672168182351967,-0.17736582351562452
2024-12-06,-0.008544174909203388,0.0,-0.003824529548425112,-0.003924287156393907,-0.00079535820438437,0.0,-0.18590999842482792
2024-12-07,-0.013245645043772883,0.0,-0.0020363831698985194,-0.003024701917411531,-0.003056297585573746,-0.0051282623708890866,-0.1991556434686008
2024-12-08,0.005407069808670752,0.003985707167472878,0.0,0.008004101711953896,0.000338255791301556,-0.00692099486205758,-0.19374857365993003
2024-12-09,0.07144330576143891,0.005151650550488804,0.0005395737940744096,0.00331967352108687,0.030531684967784144,0.03190072292800468,-0.12230526789849112
2024-12-10,0.026815617713464364,0.0,0.004795080320925414,0.0,0.011327992293934842,0.010692545098604107,-0.09548965018502675
2024-12-11,4.931217448133138e-06,4.931217448133138e-06,0.0,0.0,0.0,0.0,-0.09548471896757862
2024-12-12,0.0023587083163820613,1.9348646118015585e-05,-0.0003807433912054906,0.0,-0.004610065936873932,0.007330168998343468,-0.09312601065119656
2024-12-13,-0.007863944968450333,9.714632738420324e-06,-0.0004771849889778576,-0.003232950059537156,-0.002880676900492201,-0.0012828476521815385,-0.1009899556196469
2024-12-14,-0.0015854587616979396,0.0,0.0,-0.006778173704370515,0.0062688663728637595,-0.001076151430191184,-0.10257541438134483
2024-12-15,0.0005789230089683121,0.00011985084687229622,-0.0018566103624141207,0.0,-0.0012986299784566232,0.0036143125029667596,-0.10199649137237653
2024-12-16,0.007174100239539592,0.00454171630252912,-0.0019052268185868406,0.0007026131531786281,0.0013043625442555598,0.0025306350581631256,-0.09482239113283694
2024-12-17,0.005500480622861449,-0.0035496629400411876,0.0016926899545218457,0.0005032018813230529,0.00269504910654662,0.004159202620511118,-0.0893219105099755
2024-12-18,0.0163682883300804,-0.010401184800054416,0.013022742308157004,0.0,0.00812207692204451,0.005624653899933299,-0.0729536221798951
2024-12-19,0.02822118354208474,0.005471359164976238,0.01419077202231065,0.0,0.008559052354797852,0.0,-0.04473243863781036
2024-12-20,0.016454661112173318,0.005118458007856344,0.011336203104316975,0.0,0.0,0.0,-0.02827777752563704
2024-12-21,-0.011215137260372399,-0.010189802131874483,0.0,-0.0043591787156262675,0.0,0.0033338435871283502,-0.03949291478600944
2024-12-22,0.009434070852907987,0.0,0.0,0.004333875049441458,0.0,0.005100195803466529,-0.030058843933101455
2024-12-23,0.003666705391449989,0.0,0.0,0.003666705391449989,0.0,0.0,-0.026392138541651466
2024-12-24,0.011236626538410352,0.0,0.0,-0.001507188854065675,0.0,0.012743815392476028,-0.015155512003241113
2024-12-25,0.00498728072661921,0.0,0.0,0.00498728072661921,0.0,0.0,-0.010168231276621902
2024-12-26,0.0032704180946519852,0.0,0.0,0.0032704180946519852,0.0,0.0,-0.0068978131819699175
2024-12-27,-0.000834572046403015,0.0,0.0,-0.000834572046403015,0.0,0.0,-0.007732385228372932
2024-12-28,-0.0028545932228511675,0.0,0.0,-0.0028545932228511675,0.0,0.0,-0.0105869784512241
2024-12-29,-0.002347475931644844,0.0,0.0,-0.002347475931644844,0.0,0.0,-0.012934454382868945
2024-12-30,-0.0022428036639045514,0.0,0.0,-0.0022428036639045514,0.0,0.0,-0.015177258046773496
2024-12-31,0.0,0.0,0.0,0.0,0.0,0.0,-0.015177258046773496
2025-01-01,0.0,0.0,0.0,0.0,0.0,0.0,-0.015177258046773496
2025-01-02,0.0,0.0,0.0,0.0,0.0,0.0,-0.015177258046773496
2025-01-03,0.0,0.0,0.0,0.0,0.0,0.0,-0.015177258046773496
2025-01-04,0.009261543366402534,0.0,0.0004662936629243182,0.008795249703478216,0.0,0.0,-0.005915714680370962
2025-01-05,-4.7879087670563755e-05,0.0,0.0012054988772190632,-0.001253377964889627,0.0,0.0,-0.005963593768041526
2025-01-06,0.00026538513098104755,0.0,0.0009208671978756732,-0.0006554820668946257,0.0,0.0,-0.005698208637060479
2025-01-07,0.003324801301641116,0.0,0.0,0.0031078520471128877,0.0,0.0002169492545282282,-0.002373407335419363
2025-01-08,0.006990726924807006,0.0,0.0,-0.003079034235658973,-0.00045629526294064767,0.010526056423406626,0.004617319589387643
2025-01-09,-0.0037589925108944093,0.0,0.0,-0.0021485386416921232,-0.0016104538692022859,0.0,0.0008583270784932335
2025-01-10,-0.00020987432411227855,0.0,0.0,0.0006490344061289405,-0.0008589087302412191,0.0,0.0006484527543809549
2025-01-11,-0.0012146717785450954,0.0,0.0,-0.0012146717785450954,0.0,0.0,-0.0005662190241641405
2025-01-12,0.007406462045303779,0.0,0.0,0.007406462045303779,0.0,0.0,0.006840243021139638
2025-01-13,-0.004673436521165181,0.0,-0.003095880647687849,-0.0015775558734773315,0.0,0.0,0.002166806499974457
2025-01-14,-0.007042510298544774,0.002640195913343221,-0.010614447934929768,0.0009317417230417717,0.0,0.0,-0.004875703798570317
2025-01-15,0.0025283456714940778,0.006083011384342781,-0.005985369252196508,0.0024307035393478053,0.0,0.0,-0.002347358127076239
2025-01-16,-0.006660060104377519,0.0008026195576563392,0.0,-0.007462679662033858,0.0,0.0,-0.009007418231453759
2025-01-17,0.016235648234684784,9.126643825265452e-05,0.0,0.0028122401221733592,0.0,0.01333214167425877,0.007228230003231025
2025-01-18,0.0018501170189846267,0.0004294891211889625,-0.0017456220303968726,0.003793254118280345,0.0,-0.0006270041900878081,0.009078347022215652
2025-01-19,0.00530104440987462,0.00023532424765145238,-0.003359289342143293,0.01125210055020286,0.0,-0.002827091045836399,0.014379391432090272
2025-01-20,0.0082547056450919,0.008697179043883767,-0.00047158620745992274,2.9112808668053976e-05,0.0,0.0,0.02263409707718217
2025-01-21,-0.0019974965952230524,0.0,0.0,0.0,0.0,-0.0019974965952230524,0.020636600481959116
2025-01-22,-0.005361097183730836,0.0,0.0,0.0,0.0,-0.005361097183730836,0.015275503298228282
2025-01-23,9.49852298453881e-05,0.0,0.0,0.0,0.0,9.49852298453881e-05,0.01537048852807367
2025-01-24,0.0012238946249413254,0.0,0.0,0.0010515373204536675,0.0,0.00017235730448765787,0.016594383153014994
2025-01-25,0.0007903600314448833,0.0,0.0,0.0007903600314448833,0.0,0.0,0.017384743184459876
2025-01-26,0.0,0.0,0.0,0.0,0.0,0.0,0.017384743184459876
2025-01-27,-0.011645894908859962,0.0,0.0,-0.011645894908859962,0.0,0.0,0.005738848275599914
2025-01-28,-0.004056572180596619,0.0,0.0,-0.004056572180596619,0.0,0.0,0.001682276095003295
2025-01-29,0.0,0.0,0.0,0.0,0.0,0.0,0.001682276095003295
2025-01-30,0.0,0.0,0.0,0.0,0.0,0.0,0.001682276095003295
2025-01-31,0.0,0.0,0.0,0.0,0.0,0.0,0.001682276095003295
2025-02-01,0.0,0.0,0.0,0.0,0.0,0.0,0.001682276095003295
2025-02-02,0.0,0.0,0.0,0.0,0.0,0.0,0.001682276095003295
2025-02-03,0.0185355537914579,0.0,0.0185355537914579,0.0,0.0,0.0,0.020217829886461196
2025-02-04,0.0,0.0,0.0,0.0,0.0,0.0,0.020217829886461196
2025-02-05,0.0,0.0,0.0,0.0,0.0,0.0,0.020217829886461196
2025-02-06,0.0,0.0,0.0,0.0,0.0,0.0,0.020217829886461196
2025-02-07,0.0,0.0,0.0,0.0,0.0,0.0,0.020217829886461196
2025-02-08,0.0,0.0,0.0,0.0,0.0,0.0,0.020217829886461196
2025-02-09,0.0,0.0,0.0,0.0,0.0,0.0,0.020217829886461196
2025-02-10,0.0,0.0,0.0,0.0,0.0,0.0,0.020217829886461196
2025-02-11,0.0,0.0,0.0,0.0,0.0,0.0,0.020217829886461196
2025-02-12,0.0,0.0,0.0,0.0,0.0,0.0,0.020217829886461196
2025-02-13,0.0,0.0,0.0,0.0,0.0,0.0,0.020217829886461196
2025-02-14,0.0,0.0,0.0,0.0,0.0,0.0,0.020217829886461196
2025-02-15,0.0,0.0,0.0,0.0,0.0,0.0,0.020217829886461196
2025-02-16,0.0,0.0,0.0,0.0,0.0,0.0,0.020217829886461196
2025-02-17,0.0,0.0,0.0,0.0,0.0,0.0,0.020217829886461196
2025-02-18,0.0,0.0,0.0,0.0,0.0,0.0,0.020217829886461196
2025-02-19,0.0,0.0,0.0,0.0,0.0,0.0,0.020217829886461196
2025-02-20,0.0,0.0,0.0,0.0,0.0,0.0,0.020217829886461196
2025-02-21,0.0,0.0,0.0,0.0,0.0,0.0,0.020217829886461196
2025-02-22,0.0,0.0,0.0,0.0,0.0,0.0,0.020217829886461196
2025-02-23,0.0,0.0,0.0,0.0,0.0,0.0,0.020217829886461196
2025-02-24,0.0,0.0,0.0,0.0,0.0,0.0,0.020217829886461196
2025-02-25,-0.0030320499137239825,0.0006315033372925644,0.0,-0.003663553251016547,0.0,0.0,0.017185779972737212
2025-02-26,0.0010399272883007606,0.0010399272883007606,0.0,0.0,0.0,0.0,0.018225707261037973
2025-02-27,0.0,0.0,0.0,0.0,0.0,0.0,0.018225707261037973
2025-02-28,0.0,0.0,0.0,0.0,0.0,0.0,0.018225707261037973
2025-03-01,0.0,0.0,0.0,0.0,0.0,0.0,0.018225707261037973
2025-03-02,-0.003588617661880965,-0.003588617661880965,0.0,0.0,0.0,0.0,0.014637089599157008
2025-03-03,-0.012907447396765406,-0.012907447396765406,0.0,0.0,0.0,0.0,0.0017296422023916017
2025-03-04,0.0,0.0,0.0,0.0,0.0,0.0,0.0017296422023916017
2025-03-05,0.0,0.0,0.0,0.0,0.0,0.0,0.0017296422023916017
2025-03-06,0.0,0.0,0.0,0.0,0.0,0.0,0.0017296422023916017
2025-03-07,0.0,0.0,0.0,0.0,0.0,0.0,0.0017296422023916017
2025-03-08,0.0,0.0,0.0,0.0,0.0,0.0,0.0017296422023916017
2025-03-09,0.0,0.0,0.0,0.0,0.0,0.0,0.0017296422023916017
2025-03-10,0.0,0.0,0.0,0.0,0.0,0.0,0.0017296422023916017
2025-03-11,0.0,0.0,0.0,0.0,0.0,0.0,0.0017296422023916017
2025-03-12,0.0,0.0,0.0,0.0,0.0,0.0,0.0017296422023916017
2025-03-13,0.0,0.0,0.0,0.0,0.0,0.0,0.0017296422023916017
2025-03-14,0.0,0.0,0.0,0.0,0.0,0.0,0.0017296422023916017
2025-03-15,0.0014877179417339755,0.0,0.0,0.0,-0.00014534899540789736,0.0016330669371418729,0.003217360144125577
2025-03-16,-0.00024664510945931117,-0.001692957666571102,0.0,0.0,-0.00022031847724986547,0.0016666310343616563,0.002970715034666266
2025-03-17,-0.009132431590808194,-0.005164955592928786,0.0,0.0,-0.004012613921726704,4.513792384729486e-05,-0.006161716556141928
2025-03-18,-0.00900849161815177,-0.003565254069007787,0.0,0.0,-0.005443237549143984,0.0,-0.015170208174293699
2025-03-19,-0.002649798279131898,0.0,0.0,0.0,-0.002649798279131898,0.0,-0.017820006453425595
2025-03-20,0.0003937345673005989,0.0003937345673005989,0.0,0.0,0.0,0.0,-0.017426271886124996
2025-03-21,0.0011249559065731397,0.0011249559065731397,0.0,0.0,0.0,0.0,-0.016301315979551857
2025-03-22,0.0011249559065731397,0.0011249559065731397,0.0,0.0,0.0,0.0,-0.015176360072978717
2025-03-23,0.0011249559065731397,0.0011249559065731397,0.0,0.0,0.0,0.0,-0.014051404166405577
2025-03-24,-0.0008104900412236913,-0.0008104900412236913,0.0,0.0,0.0,0.0,-0.014861894207629268
2025-03-25,-0.0048605835342679865,-0.002760601224297723,-0.001468638312480983,0.0,-0.0006313439974892804,0.0,-0.019722477741897254
2025-03-26,-0.005758199727328372,-0.0022257347370900392,-0.0017068919854500526,0.0,-0.0018255730047882807,0.0,-0.025480677469225627
2025-03-27,-0.0072290838061153505,0.0,-0.0009447173002803417,-0.005138312341717921,-0.0011460541641170874,0.0,-0.032709761275340976
2025-03-28,0.0008163562426503138,0.0,0.0010909173121930278,-0.000274561069542714,0.0,0.0,-0.03189340503269066
2025-03-29,0.01193898312961183,0.0,0.0033710749561329614,0.00856790817347887,0.0,0.0,-0.019954421903078834
2025-03-30,0.004080618621476461,0.0,0.0032235904268021445,0.0008570281946743164,0.0,0.0,-0.015873803281602372
2025-03-31,-0.0034634910703054966,0.0,0.0,-0.0034634910703054966,0.0,0.0,-0.01933729435190787
2025-04-01,-0.0031495936864684693,0.0,0.0,-0.0031495936864684693,0.0,0.0,-0.022486888038376337
2025-04-02,-0.0005277122685572998,-0.0005277122685572998,0.0,0.0,0.0,0.0,-0.023014600306933638
2025-04-03,-0.004185640336057248,-0.0036014486574526623,-0.0005841916786045855,0.0,0.0,0.0,-0.027200240642990887
2025-04-04,-0.001860924613312602,-0.001515609643344662,-0.00034531496996793995,0.0,0.0,0.0,-0.02906116525630349
2025-04-05,0.0,0.0,0.0,0.0,0.0,0.0,-0.02906116525630349
2025-04-06,-0.00035983068614410616,-0.00035983068614410616,0.0,0.0,0.0,0.0,-0.029420995942447594
2025-04-07,-0.007682385149176667,-0.007682385149176667,0.0,0.0,0.0,0.0,-0.03710338109162426
2025-04-08,0.0,0.0,0.0,0.0,0.0,0.0,-0.03710338109162426
2025-04-09,0.0,0.0,0.0,0.0,0.0,0.0,-0.03710338109162426
2025-04-10,0.0,0.0,0.0,0.0,0.0,0.0,-0.03710338109162426
2025-04-11,0.001963284891220056,0.001963284891220056,0.0,0.0,0.0,0.0,-0.0351400962004042
2025-04-12,0.0037495096065741124,0.0037495096065741124,0.0,0.0,0.0,0.0,-0.03139058659383009
2025-04-13,0.0014477273203161156,0.0014477273203161156,0.0,0.0,0.0,0.0,-0.02994285927351397
2025-04-14,0.0,0.0,0.0,0.0,0.0,0.0,-0.02994285927351397
2025-04-15,0.001565680842448771,-4.5348162120003044e-05,0.0,0.0,0.0016110290045687741,0.0,-0.0283771784310652
2025-04-16,0.002610471166841672,-0.00011239475637315728,0.0,0.0,0.0027228659232148293,0.0,-0.02576670726422353
2025-04-17,0.0026390381674198495,-8.38277557949798e-05,0.0,0.0,0.0027228659232148293,0.0,-0.02312766909680368
2025-04-18,0.0012233987863333295,0.0,0.0,0.0,0.0012233987863333295,0.0,-0.02190427031047035
2025-04-19,0.0,0.0,0.0,0.0,0.0,0.0,-0.02190427031047035
2025-04-20,0.0,0.0,0.0,0.0,0.0,0.0,-0.02190427031047035
2025-04-21,0.009278900505619872,0.007422205190598582,0.0018566953150212894,0.0,0.0,0.0,-0.012625369804850479
2025-04-22,-0.00670578186847009,0.00650087757686754,-0.005421976275126791,9.960535661355386e-05,-0.007884288526824393,0.0,-0.01933115167332057
2025-04-23,-0.0004631508748274421,0.005022628341249384,-0.010562952464016496,0.014701503721088936,-0.009624330473149267,0.0,-0.019794302548148013
2025-04-24,0.0010110363255498855,0.0,0.0,0.0010146707573562045,-3.6344318063189755e-06,0.0,-0.018783266222598127
2025-04-25,0.003890017117656333,0.0,0.0,0.003893651549462652,-3.6344318063189755e-06,0.0,-0.014893249104941794
2025-04-26,0.001792070840950117,0.0,0.0,0.00022415133128855617,-5.350691270414048e-07,0.0015684545787886023,-0.013101178263991677
2025-04-27,0.005119036906749027,-3.651399061975095e-05,0.0005364402072054556,0.002061268568469566,0.0,0.0025578421216937565,-0.00798214135724265
2025-04-28,0.006676114121717116,-0.00018449174207874167,0.0005910282313510758,0.004426558538599454,0.0001928556695026195,0.0016501634243427082,-0.0013060272355255344
2025-04-29,-0.0013252655135370223,-2.926798611337206e-05,-0.001727674586462808,-0.0003049599809708478,0.0007366370400100055,0.0,-0.0026312927490625567
2025-04-30,0.0009192050810007208,0.004399192955642845,-0.003016755756847633,-0.0011998691578044966,0.0007366370400100055,0.0,-0.001712087668061836
2025-05-01,0.004078269906894508,0.0036110042177568353,-0.0001236031872597294,-0.001214525382797958,0.0018053942591953597,0.0,0.002366182238832672
2025-05-02,0.0065993247443633125,-0.0011165813308375784,-0.0008786525947989959,0.005147193644558821,0.0034473650254410655,0.0,0.008965506983195985
2025-05-03,0.004695248330051589,-0.0027485078912925006,-0.0018417172292730045,0.00583810842517603,0.0034473650254410655,0.0,0.013660755313247574
2025-05-04,-0.008619747905376436,-0.0027485078912925006,-0.0018417172292730045,-0.005351012711230006,0.0013214899264190753,0.0,0.005041007407871138
2025-05-05,-0.005332977745510152,-0.002883940427763595,-0.0010106370088275546,-0.001438400308919002,0.0,0.0,-0.0002919703376390139
2025-05-06,-0.0036538747111251953,-0.0035277394502815917,-0.0011573187949519763,0.00794012270018028,-0.003310530718298157,-0.003598408447773749,-0.00394584504876421
2025-05-07,-0.03801188613783366,-0.004849679367627126,-0.016944531150920886,0.0,-0.006347755305391938,-0.009869920313893712,-0.041957731186597874
2025-05-08,-0.01984604522021887,-0.0172668881659197,2.3091033727828947e-05,0.008978797487009865,-0.006275963406318996,-0.00530508216871787,-0.061803776406816745
2025-05-09,0.005129012746681028,0.0006598563732410981,0.017823151138845365,-0.000557263776714639,-0.010831790690756416,-0.001964940297934379,-0.05667476366013571
2025-05-10,0.004532173615581827,0.000836058878024297,0.00614089594119633,-0.007393323398770994,0.006475642535374674,-0.0015271003402424796,-0.052142590044553884
2025-05-11,-0.005393088849287664,0.0002734609246871138,0.0009989926890089716,-0.008273650244246193,0.002109080797979668,-0.000500973016717224,-0.05753567889384155
2025-05-12,-0.002077366073327149,0.00038926499796041543,-0.0006891188469480849,0.001037215823252645,-0.0018430218340802457,-0.000971706213511879,-0.059613044967168696
2025-05-13,-0.02110154973316388,0.0009549260597325354,-0.015891912251268618,-0.0013391972851267895,-0.004825366256501007,0.0,-0.08071459470033257
2025-05-14,0.00037041255551699143,0.0003567709862056278,-0.00476444888893975,-0.0004590698117137685,0.005237160269964882,0.0,-0.08034418214481558
2025-05-15,0.008435082792405265,0.0,0.0024051128694560628,-0.0019710016096062166,0.006899545707074905,0.001101425825480514,-0.07190909935241031
2025-05-16,0.004171261917550041,0.0,0.0009579876219040567,-0.0016862662245908724,0.0038435245872131675,0.001056015933023689,-0.06773783743486027
2025-05-17,0.011508032244285319,0.0,0.007450289233132513,0.0,0.0038435245872131675,0.00021421842393963905,-0.05622980519057495
2025-05-18,0.008908294996158082,0.000623760914678979,0.006918243711523623,-7.442337839236065e-05,0.0019823568684389447,-0.0005416431200911043,-0.04732151019441687
2025-05-19,-0.012096494348038226,0.001873535892956473,-0.012397351337669747,-0.000257853489448625,0.0015603307301310908,-0.002875156144007419,-0.05941800454245509
2025-05-20,-0.007632888882463328,-0.002389606731367563,-0.005569058029103005,0.0,-0.0025126093008801162,0.002838385178887356,-0.06705089342491842
2025-05-21,-0.005334170007820512,0.004312743139125282,-0.009482357725129615,0.0,-0.0021078000246272086,0.0019432446028110296,-0.07238506343273893
2025-05-22,-0.0013809516710053423,-0.0043874983202693806,0.004780618527471507,-0.0017740718782074687,0.0,0.0,-0.07376601510374427
2025-05-23,0.0008465624061403908,-0.00396204394274319,0.0026213137221238656,-0.000284195980489546,0.0,0.0024714886072492613,-0.07291945269760387
2025-05-24,0.007749689288169087,-0.0005013896903295903,0.0032100823858089663,0.0,0.0,0.005040996592689711,-0.06516976340943478
2025-05-25,0.0014729768095040952,-0.001286989579455633,0.00021846394014533242,0.0,0.0,0.002541502448814396,-0.0636967865999307
2025-05-26,-0.0007194629246262393,-0.0007194629246262393,0.0,0.0,0.0,0.0,-0.06441624952455693
2025-05-27,0.00144511414425852,0.0015735603958209388,-0.00012844625156241881,0.0,0.0,0.0,-0.06297113538029842
2025-05-28,0.0011223803624712655,0.001203383717339066,-8.100335486780033e-05,0.0,0.0,0.0,-0.06184875501782715
2025-05-29,-0.0024621369820192864,0.004387484804406536,-0.006849621786425822,0.0,0.0,0.0,-0.06431089199984644
2025-05-30,0.013171840077691252,0.0021866796398475287,0.006814179353015054,0.0,0.0016934528542089304,0.0024775282306197387,-0.05113905192215518
2025-05-31,0.010249860566898396,1.1215705593541186e-05,0.0028993662358353916,0.0,0.003405826969358743,0.003933451656110721,-0.04088919135525679
2025-06-01,0.006539960269208264,1.0865214793743024e-05,0.0018503594241199477,0.0,0.003405826969358743,0.0012729086609358305,-0.03434923108604852
2025-06-02,0.0008304658186620028,0.0,0.0004023722898745498,0.0,0.0004280935287874531,0.0,-0.03351876526738652
2025-06-03,0.004324000727010087,0.0,0.004324000727010087,0.0,0.0,0.0,-0.029194764540376436
2025-06-04,0.00028226115856871405,0.0,0.00028226115856871405,0.0,0.0,0.0,-0.028912503381807723
2025-06-05,0.0029487893018842167,0.0,0.0029487893018842167,0.0,0.0,0.0,-0.025963714079923508
2025-06-06,0.002187955543266882,-0.0018886036360581506,0.004641750288463256,0.0,0.0,-0.000565191109138223,-0.023775758536656626
2025-06-07,-0.005454721621021841,-0.0025392990064647403,-0.0014516183031199764,0.0,0.0,-0.0014638043114371243,-0.029230480157678467
2025-06-08,-0.004807541794214185,-0.0025392990064647403,-0.0008044384763123203,0.0,0.0,-0.0014638043114371243,-0.03403802195189265
2025-06-09,0.0049404344619894255,-0.0008235087750132179,0.0066127464314818096,0.0,0.0,-0.0008488031944791659,-0.029097587489903223
2025-06-10,0.011808593155628917,-0.0017561832122928575,0.011604589239993614,0.0,0.0,0.001960187127928162,-0.017288994334274305
2025-06-11,0.0031041995954900984,-0.0039391025322456615,0.00028844349752112184,0.0,0.0,0.006754858630214638,-0.014184794738784206
2025-06-12,0.015480256057582988,-0.0022595129803020253,0.009221005134172698,0.0,0.0,0.008518763903712315,0.001295461318798782
2025-06-13,-0.0025918494465863324,-0.0009428218599875349,-0.005750714316511186,0.0,-0.0013242761462683465,0.005425962876180735,-0.0012963881277875504
2025-06-14,0.0006343050826291708,-0.0018674875906218023,6.427513693499152e-05,0.0,-0.0018300937146126862,0.004267611250928668,-0.0006620830451583796
2025-06-15,-0.003489516182271805,-0.0018674875906218023,0.00020806512296268326,0.0,-0.0018300937146126862,0.0,-0.004151599227430185
2025-06-16,0.0012732318233425145,-0.000845556881309316,0.0014771039421818616,0.0,-0.00040541659372322696,0.001047101356193196,-0.00287836740408767
2025-06-17,-0.0018085798795554765,-0.0028746793247127235,-0.008127961243368375,0.0,0.0,0.009194060688525622,-0.004686947283643147
2025-06-18,0.0001281846244138513,-0.0038818175568046524,-0.001825672450248454,0.0,0.0,0.005835674631466958,-0.004558762659229295
2025-06-19,0.0,0.0,0.0,0.0,0.0,0.0,-0.004558762659229295
2025-06-20,0.0,0.0,0.0,0.0,0.0,0.0,-0.004558762659229295
2025-06-21,0.0025339547769697656,0.0,0.0,0.0,0.0025339547769697656,0.0,-0.0020248078822595298
2025-06-22,0.006510499234645789,0.001297792264879414,0.0,0.0,0.005212706969766375,0.0,0.004485691352386259
2025-06-23,0.004609151674283855,0.0010864907856984846,0.002566997944128201,0.0,0.0009556629444571686,0.0,0.009094843026670114
2025-06-24,0.01118232429076238,0.0021716376297409388,0.009010686661021441,0.0,0.0,0.0,0.020277167317432496
2025-06-25,0.001630236303993024,0.001630236303993024,0.0,0.0,0.0,0.0,0.02190740362142552
2025-06-26,0.0,0.0,0.0,0.0,0.0,0.0,0.02190740362142552
2025-06-27,0.0,0.0,0.0,0.0,0.0,0.0,0.02190740362142552
2025-06-28,0.0,0.0,0.0,0.0,0.0,0.0,0.02190740362142552
2025-06-29,0.0,0.0,0.0,0.0,0.0,0.0,0.02190740362142552
2025-06-30,0.00010915740457311473,0.0008133404440496627,-0.0007041830394765479,0.0,0.0,0.0,0.022016561025998634
2025-07-01,-0.001675829361833951,0.002366081291780837,-0.002888956059390966,0.0,0.0,-0.001152954594223822,0.020340731664164682
2025-07-02,-0.004221999077112352,0.0018632890172774088,-0.0007639591979721221,0.0,0.0,-0.005321328896417639,0.01611873258705233
2025-07-03,-0.003801352932911787,-0.0002499295683336407,2.5692171347045e-05,0.0,0.0,-0.003577115535925191,0.012317379654140544
2025-07-04,-0.00020260921553091985,-0.0005246334962105578,0.0,0.0,0.0,0.00032202428067963797,0.012114770438609623
2025-07-05,-4.7560487796279374e-05,-0.0005246334962105578,0.0,0.0,0.0,0.00047707300841427845,0.012067209950813344
2025-07-06,-0.0012560707262953556,-0.0004539537057488577,-0.0012791900289607766,0.0,0.0,0.00047707300841427845,0.010811139224517988
2025-07-07,-0.0026882253366003286,0.0,-0.0010740834736561334,0.0,0.0,-0.0016141418629441952,0.00812291388791766
2025-07-08,-0.008179701287557026,0.0,-0.004699078652740637,0.0,0.0,-0.0034806226348163887,-5.6787399639365854e-05
2025-07-09,0.005321747632778943,0.0,0.006899510293977045,0.0,0.0,-0.0015777626611981025,0.005264960233139577
2025-07-10,0.026024536717803397,0.0,0.018051106442104014,0.0,0.0,0.007973430275699384,0.03128949695094298
2025-07-11,0.006658511116807601,0.0,0.0022228232126518775,0.0,0.0,0.004435687904155723,0.037948008067750574
2025-07-12,0.00373140705511509,0.0,0.0028259654582427018,0.0,0.0,0.0009054415968723882,0.041679415122865666
2025-07-13,-0.008190321367731635,0.0,0.0,0.0,0.0,-0.008190321367731635,0.03348909375513403
2025-07-14,-0.004635494385209224,0.0,0.0,0.0,0.0,-0.004635494385209224,0.028853599369924807
2025-07-15,-0.005245580669164151,0.0,0.0005479923885888228,0.0,0.0,-0.005793573057752974,0.023608018700760656
2025-07-16,0.009320418541331322,0.0,0.011392719551550549,0.0,0.0,-0.0020723010102192264,0.032928437242091976
2025-07-17,-0.01020939054694211,-0.00022072036437137,-0.005161664864395293,0.0,-0.005592924182504412,0.0007659188643289644,0.022719046695149868
2025-07-18,-0.006817198095425355,-0.0019380324676510539,-0.011735703616614749,0.0005797080445794254,-0.0025888497665628777,0.008865679710823901,0.015901848599724513
2025-07-19,-0.0060562644623989425,-0.0019380324676510539,-0.005738428516455774,0.0017146259910306599,0.002209603336943466,-0.002304032806266239,0.00984558413732557
2025-07-20,-0.020776849757605284,-0.001143977498266247,-0.004628630428073161,-0.001104253743726402,-0.001564652259122563,-0.012335335828416913,-0.010931265620279714
2025-07-21,0.0032520454014234694,0.0,-0.00351331126610058,0.004850961668155909,-6.845353633661213e-05,0.001982848535704752,-0.007679220218856244
2025-07-22,0.014243811357036257,3.306996249480497e-05,0.003989447671037606,0.0005839049971597175,0.003732187616819223,0.005905201109524906,0.006564591138180012
2025-07-23,0.012992892090476795,8.549505564186563e-05,0.007088658234186569,-0.0010306721609482173,0.006849410961596578,0.0,0.01955748322865681
2025-07-24,-0.008085137292701208,0.0012351500029227085,-0.009330830427011112,1.054313138719639e-05,0.0,0.0,0.011472345935955601
2025-07-25,-0.005934971991065022,0.0020441218426275735,-0.007979093833692595,0.0,0.0,0.0,0.005537373944890579
2025-07-26,-0.00345739079168987,-0.0011237438088564577,-0.0042587410040041025,0.001126013868480522,0.0007990801526901674,0.0,0.0020799831532007087
2025-07-27,0.010582754112614145,-0.0011237438088564577,0.006216404759859359,0.001766224488880367,0.0037238686727308775,0.0,0.012662737265814853
2025-07-28,-0.010820347265182977,-0.0011237438088564577,-0.005147375871994701,0.0013573979160742742,-0.005906625500406094,0.0,0.0018423900006318758
2025-07-29,0.0025055425974139837,-0.00013812684317193958,-0.0008635738558848582,0.005181351416953812,-0.00167410812048303,0.0,0.00434793259804586
2025-07-30,0.010288570359565605,0.0,0.004557779308244265,-0.0005309553983737143,0.006261746449695054,0.0,0.014636502957611465
2025-07-31,0.019042852054869025,0.0,0.0,0.009016207056427927,0.0060157992652205075,0.004010845733220589,0.03367935501248049
2025-08-01,0.019985982215545834,0.0,0.00597049064056849,0.005441584674501832,0.0029944315164246137,0.005579475384050898,0.05366533722802633
2025-08-02,0.0034007589674251836,0.0,0.0,0.0,0.0034007589674251836,0.0,0.05706609619545151
2025-08-03,0.0002031008827767818,0.0,0.0,0.0,0.0002031008827767818,0.0,0.05726919707822829
2025-08-04,0.0,0.0,0.0,0.0,0.0,0.0,0.05726919707822829
2025-08-05,0.0,0.0,0.0,0.0,0.0,0.0,0.05726919707822829
2025-08-06,0.0,0.0,0.0,0.0,0.0,0.0,0.05726919707822829
2025-08-07,0.006018006107399054,0.0,0.0,0.0,0.0,0.006018006107399054,0.06328720318562735
2025-08-08,0.018781956450688794,0.0,0.00622889777969149,0.0,0.0,0.012553058670997305,0.08206915963631614
2025-08-09,-0.0015789909187538947,0.0,0.0047295710074939466,0.0,0.0,-0.006308561926247841,0.08049016871756225
2025-08-10,-0.002150549925585857,0.0,-0.004618133916438774,0.0,0.0,0.002467583990852917,0.07833961879197639
2025-08-11,0.00965639710668308,-0.001940482331096951,-0.0003590489174708511,-0.0007491070786832381,0.0035990815013393893,0.00910595393259473,0.08799601589865946
2025-08-12,-0.03859055873092532,-0.0012486071017656386,-0.01363602276328957,-0.007191427955359086,-0.004543019796278709,-0.011971481114232315,0.049405457167734146
2025-08-13,-0.016292730211724872,0.0018899982671926256,-0.0026047399905572855,-0.005071265592260404,-0.01101109638333872,0.0005043734872389105,0.033112726956009274
2025-08-14,-0.0011517288295174932,0.008084837764881558,-0.0011853897990534562,0.0,-0.010520756162080262,0.0024695793667346665,0.03196099812649178
2025-08-15,0.007740908468641815,0.0021631374135413677,-0.0029898750760553343,0.0,0.0020124110805865465,0.006555235050569235,0.0397019065951336
2025-08-16,0.00422572249243885,0.0021631374135413677,-0.0010480515240792068,0.0,0.0031106366029766885,0.0,0.043927629087572445
2025-08-17,0.012247243072925986,0.0021631374135413677,0.0,0.0,0.0,0.010084105659384618,0.056174872160498435
2025-08-18,-0.012755543831139162,0.0002553703890986337,0.0021186614316197282,0.0,0.0006561099993432963,-0.01578568565120082,0.04341932832935927
2025-08-19,-0.008967556274724425,0.0007778096240134062,0.0013376850288074511,0.0,0.00045616527704089925,-0.011539216204586181,0.034451772054634844
2025-08-20,-0.009327583093042305,0.0019615514160758406,-0.007476647397960191,0.0,0.0,-0.0038124871111579538,0.02512418896159254
2025-08-21,0.011042498801218976,0.0017408768817673084,9.501210478945553e-05,0.0,0.0,0.009206609814662212,0.03616668776281152
2025-08-22,-0.0028177357284257694,0.0,0.0,0.0,0.0,-0.0028177357284257694,0.033348952034385745
2025-08-23,-0.007943653914328571,0.0,-0.002185542601326159,0.0,0.0023188390416483263,-0.008076950354650739,0.025405298120057172
2025-08-24,-0.005287598390785881,0.0,-0.004488537297795758,0.0,-0.0007739004036327805,-2.5160689357342514e-05,0.020117699729271292
2025-08-25,0.02049355863054838,0.0,-0.004889668237844973,0.0,0.014290972557313476,0.011092254311079875,0.04061125835981967
2025-08-26,-0.005631601831069229,0.0,-0.005631601831069229,0.0,0.0,0.0,0.034979656528750444
2025-08-27,0.00034166286246523807,0.0,0.00034166286246523807,0.0,0.0,0.0,0.03532131939121568
2025-08-28,-0.0016830299279851704,0.0,0.0,0.0,-0.0038274234151112092,0.002144393487126039,0.03363828946323051
2025-08-29,0.006496606485159226,0.0,0.0,0.0,2.1576384346505507e-06,0.006494448846724576,0.04013489594838974
2025-08-30,0.0005958604833558953,0.0,0.0,0.0,0.0005958604833558953,0.0,0.04073075643174563
2025-08-31,0.0,0.0,0.0,0.0,0.0,0.0,0.04073075643174563
2025-09-01,0.0,0.0,0.0,0.0,0.0,0.0,0.04073075643174563
2025-09-02,0.002401449564075712,0.0,0.0,0.0,0.002401449564075712,0.0,0.04313220599582134
2025-09-03,-0.00012792332998446147,0.0,0.0,0.0,-0.00012792332998446147,0.0,0.043004282665836883
2025-09-04,-0.0008592903030672649,0.0,0.0,0.0,-0.0008592903030672649,0.0,0.04214499236276962
2025-09-05,0.003471758378385339,0.0,0.0032411921522389436,0.0,0.00023056622614639534,0.0,0.045616750741154954
2025-09-06,-0.00014856218744839766,0.0,0.0,0.0,-0.00014856218744839766,0.0,0.04546818855370656
2025-09-07,0.0002990244332087959,0.0003319515232214744,0.0,0.0,-3.2927090012678495e-05,0.0,0.04576721298691536
2025-09-08,0.005622530313378537,0.0004902668650655621,0.0,0.0,0.005132263448312975,0.0,0.051389743300293896
2025-09-09,0.006357923244398657,0.0004902668650655621,0.0,0.0,0.005867656379333095,0.0,0.05774766654469255
2025-09-10,0.014733579995361916,8.749901689017324e-05,0.0,0.0,0.014646080978471743,0.0,0.07248124654005447
2025-09-11,-0.0018590726347988461,-0.00117996037277196,-0.003578745774955109,0.0,0.002899633512928223,0.0,0.07062217390525563
2025-09-12,-0.0009882071875351073,-0.0014100771259681513,-0.00013041192230768618,0.0,0.0005522818607407303,0.0,0.06963396671772053
2025-09-13,-0.006257224271213877,-0.0014100771259681513,-0.0032602379245819757,0.0,-0.0015869092206637504,0.0,0.06337674244650665
2025-09-14,0.0010658292748846748,-6.177235635566137e-05,-0.0023274960584582552,0.0,0.0034550976896985915,0.0,0.06444257172139133
2025-09-15,0.007578984913502935,0.0006531918978657212,0.0,0.0,0.006925793015637214,0.0,0.07202155663489426
2025-09-16,0.0025802234504518524,0.0006531918978657212,0.0,0.0,0.001927031552586131,0.0,0.07460178008534611
2025-09-17,-0.008485118688617213,0.00027851376756218946,0.0,0.0,-0.008763632456179404,0.0,0.06611666139672889
2025-09-18,-0.005671550775806914,-0.002583870758351774,0.0,0.0,-0.0030876800174551404,0.0,0.06044511062092198
2025-09-19,-0.01217619706114388,-0.003193797332211635,0.0,0.0,-0.008982399728932245,0.0,0.048268913559778096
2025-09-20,-0.003909759510811095,-0.003193797332211635,0.0,0.0,-0.0007159621785994603,0.0,0.044359154048967
2025-09-21,-0.002154644228572289,-0.003193797332211635,0.0,0.0,0.001039153103639346,0.0,0.04220450982039471
2025-09-22,0.001925898892310597,-0.0005436898879426209,0.0,0.0,0.002469588780253218,0.0,0.04413040871270531
2025-09-23,0.016054299540875255,0.0008380326496416357,0.0,0.0,0.01521626689123362,0.0,0.06018470825358056
2025-09-24,0.010611582114429563,0.0008380326496416357,0.0,0.0,0.009773549464787926,0.0,0.07079629036801012
2025-09-25,0.016030397469031503,0.00030320486837728626,0.0,0.0,0.01572719260065422,0.0,0.08682668783704162
2025-09-26,0.0034054659912002923,0.0,0.0,0.0006669901303339091,0.002738475860866383,0.0,0.09023215382824191
2025-09-27,-0.0054627769866672764,0.0,0.0,0.001004671326025972,-0.006467448312693249,0.0,0.08476937684157464
2025-09-28,-0.0050545694915077434,0.0,0.0,0.0005490807872100277,-0.005603650278717771,0.0,0.07971480735006689
2025-09-29,0.0036720010933859043,0.0,0.0,0.0,0.0036720010933859043,0.0,0.0833868084434528
2025-09-30,0.0,0.0,0.0,0.0,0.0,0.0,0.0833868084434528
2025-10-01,0.0030169067145084205,0.0030169067145084205,0.0,0.0,0.0,0.0,0.08640371515796122
2025-10-02,0.0037880804223196377,0.00478979676834854,0.0,0.0,-0.001001716346028902,0.0,0.09019179558028086
2025-10-03,0.0008514138151861904,0.0015684809510857615,0.0,0.0,-0.000717067135899571,0.0,0.09104320939546705
2025-10-04,0.0011830663369934102,0.0011830663369934102,0.0,0.0,0.0,0.0,0.09222627573246046
2025-10-05,0.0005101973578284082,0.0005101973578284082,0.0,0.0,0.0,0.0,0.09273647309028887
2025-10-06,-0.0011292321837312747,-0.002482532596329866,0.0,0.0,0.0013533004125985913,0.0,0.0916072409065576
2025-10-07,-0.004556914973285656,-0.0049405895191747895,0.0,0.0,0.0003836745458891341,0.0,0.08705032593327194
2025-10-08,-0.004774567858384678,0.0,0.0,0.0,-0.004774567858384678,0.0,0.08227575807488727
2025-10-09,0.000991282462161055,0.004080912179016231,0.0,0.0,-0.0030896297168551763,0.0,0.08326704053704832
2025-10-10,0.0016685961329621704,0.002764985567207306,0.0,0.0,-0.0010963894342451356,0.0,0.0849356366700105
2025-10-11,-0.0030077306845027424,-0.0030077306845027424,0.0,0.0,0.0,0.0,0.08192790598550775
2025-10-12,-0.0002798860498078941,-0.0002798860498078941,0.0,0.0,0.0,0.0,0.08164801993569985
2025-10-13,0.0,0.0,0.0,0.0,0.0,0.0,0.08164801993569985
2025-10-14,0.0,0.0,0.0,0.0,0.0,0.0,0.08164801993569985
2025-10-15,0.0,0.0,0.0,0.0,0.0,0.0,0.08164801993569985
2025-10-16,0.0,0.0,0.0,0.0,0.0,0.0,0.08164801993569985
2025-10-17,0.0,0.0,0.0,0.0,0.0,0.0,0.08164801993569985
2025-10-18,0.0,0.0,0.0,0.0,0.0,0.0,0.08164801993569985
2025-10-19,0.0,0.0,0.0,0.0,0.0,0.0,0.08164801993569985
2025-10-20,0.0,0.0,0.0,0.0,0.0,0.0,0.08164801993569985
2025-10-21,0.002143750105838828,0.0,0.0,0.0,0.0,0.002143750105838828,0.08379177004153868
2025-10-22,0.0005206250257037153,0.0,0.0,0.0,0.0,0.0005206250257037153,0.08431239506724239
2025-10-23,0.0,0.0,0.0,0.0,0.0,0.0,0.08431239506724239
2025-10-24,0.0,0.0,0.0,0.0,0.0,0.0,0.08431239506724239
2025-10-25,0.0,0.0,0.0,0.0,0.0,0.0,0.08431239506724239
2025-10-26,0.0,0.0,0.0,0.0,0.0,0.0,0.08431239506724239
2025-10-27,0.0,0.0,0.0,0.0,0.0,0.0,0.08431239506724239
2025-10-28,0.0,0.0,0.0,0.0,0.0,0.0,0.08431239506724239
2025-10-29,0.0,0.0,0.0,0.0,0.0,0.0,0.08431239506724239
2025-10-30,-9.91967863740978e-06,-9.91967863740978e-06,0.0,0.0,0.0,0.0,0.08430247538860498
2025-10-31,-0.00028568674475740164,-0.00028568674475740164,0.0,0.0,0.0,0.0,0.08401678864384758
2025-11-01,-0.00028568674475740164,-0.00028568674475740164,0.0,0.0,0.0,0.0,0.08373110189909018
2025-11-02,-0.00028568674475740164,-0.00028568674475740164,0.0,0.0,0.0,0.0,0.08344541515433278
2025-11-03,-6.427951757041537e-05,-6.427951757041537e-05,0.0,0.0,0.0,0.0,0.08338113563676236
2025-11-04,-0.03153369648153732,0.0,-0.03153369648153732,0.0,0.0,0.0,0.05184743915522504
2025-11-05,-0.011427541355588268,0.0,-0.011427541355588268,0.0,0.0,0.0,0.04041989779963678
2025-11-06,0.0,0.0,0.0,0.0,0.0,0.0,0.04041989779963678
2025-11-07,0.0,0.0,0.0,0.0,0.0,0.0,0.04041989779963678
2025-11-08,0.0,0.0,0.0,0.0,0.0,0.0,0.04041989779963678
2025-11-09,0.0,0.0,0.0,0.0,0.0,0.0,0.04041989779963678
2025-11-10,0.0,0.0,0.0,0.0,0.0,0.0,0.04041989779963678
2025-11-11,0.0,0.0,0.0,0.0,0.0,0.0,0.04041989779963678
2025-11-12,0.0,0.0,0.0,0.0,0.0,0.0,0.04041989779963678
2025-11-13,0.0,0.0,0.0,0.0,0.0,0.0,0.04041989779963678
2025-11-14,-0.00014436017076809054,-0.00014436017076809054,0.0,0.0,0.0,0.0,0.040275537628868686
2025-11-15,-0.00036662900512530935,-0.00036662900512530935,0.0,0.0,0.0,0.0,0.039908908623743376
2025-11-16,-0.00036662900512530935,-0.00036662900512530935,0.0,0.0,0.0,0.0,0.039542279618618066
2025-11-17,0.01316409298242565,-1.629462245001375e-05,0.013180387604875663,0.0,0.0,0.0,0.052706372601043716
2025-11-18,0.0,0.0,0.0,0.0,0.0,0.0,0.052706372601043716
2025-11-19,0.0,0.0,0.0,0.0,0.0,0.0,0.052706372601043716
2025-11-20,0.0,0.0,0.0,0.0,0.0,0.0,0.052706372601043716
2025-11-21,0.00012302888659724808,0.0,0.0,0.00012302888659724808,0.0,0.0,0.05282940148764097
2025-11-22,0.00028300574552721604,0.0,0.0,0.00028300574552721604,0.0,0.0,0.053112407233168187
2025-11-23,0.00028300574552721604,0.0,0.0,0.00028300574552721604,0.0,0.0,0.053395412978695406
2025-11-24,0.0001255837995777021,0.0,0.0,0.0001255837995777021,0.0,0.0,0.05352099677827311
2025-11-25,8.109249647271597e-05,0.0,0.0,0.0,8.109249647271597e-05,0.0,0.05360208927474582
2025-11-26,0.002888446726007537,0.0,0.0,-0.00018453208769538375,0.0030729788137029207,0.0,0.05649053600075336
2025-11-27,0.0028260213729209946,0.0,0.0,-0.0002469574407819262,0.0030729788137029207,0.0,0.059316557373674354
2025-11-28,0.0012309817711709517,0.0,0.0,-0.00022654915227286426,0.0014575309234438158,0.0,0.06054753914484531
2025-11-29,0.0,0.0,0.0,0.0,0.0,0.0,0.06054753914484531
2025-11-30,0.0,0.0,0.0,0.0,0.0,0.0,0.06054753914484531
2025-12-01,0.0,0.0,0.0,0.0,0.0,0.0,0.06054753914484531
2025-12-02,0.0,0.0,0.0,0.0,0.0,0.0,0.06054753914484531
2025-12-03,-0.0009938710813737004,-0.0009938710813737004,0.0,0.0,0.0,0.0,0.05955366806347161
2025-12-04,-0.0036053846966222856,-0.00472334771345917,-0.002894267014032167,0.004012230030869052,0.0,0.0,0.05594828336684932
2025-12-05,-0.004617153270910073,-0.00472334771345917,-0.000582253422793549,0.00449269925696068,0.0,-0.0038042513916180343,0.05133113009593925
2025-12-06,-0.002117677461914044,-0.0005576174383944854,0.0,0.0030318276578970124,0.0,-0.004591887681416571,0.049213452634025205
2025-12-07,-0.0039341313252947395,0.0,0.0,-0.0011789987164447968,0.0,-0.0027551326088499427,0.04527932130873047
2025-12-08,-0.0011789987164447968,0.0,0.0,-0.0011789987164447968,0.0,0.0,0.04410032259228567
2025-12-09,-0.0003520621167161546,0.0,0.0,-0.0003520621167161546,0.0,0.0,0.04374826047556951
2025-12-10,0.0,0.0,0.0,0.0,0.0,0.0,0.04374826047556951
2025-12-11,-0.003001885933649884,0.0,0.0,0.0,0.0,-0.003001885933649884,0.04074637454191963
2025-12-12,-0.0030441660172224176,0.0,0.0,0.0,0.0,-0.0030441660172224176,0.03770220852469721
2025-12-13,-9.513018803820055e-05,0.0,0.0,0.0,0.0,-9.513018803820055e-05,0.03760707833665901
2025-12-14,0.0,0.0,0.0,0.0,0.0,0.0,0.03760707833665901
2025-12-15,0.0,0.0,0.0,0.0,0.0,0.0,0.03760707833665901
2025-12-16,0.0018829506188206124,0.0,0.0018829506188206124,0.0,0.0,0.0,0.03949002895547962
2025-12-17,0.005782613375831608,0.0,0.005782613375831608,0.0,0.0,0.0,0.04527264233131123
2025-12-18,-0.0006652398068901648,0.0,0.0,-0.0006652398068901648,0.0,0.0,0.044607402524421066
2025-12-19,-0.0023307672066224753,0.0,0.0,-0.0023307672066224753,0.0,0.0,0.04227663531779859
2025-12-20,-0.0023307672066224753,0.0,0.0,-0.0023307672066224753,0.0,0.0,0.03994586811117612
2025-12-21,-0.0023307672066224753,0.0,0.0,-0.0023307672066224753,0.0,0.0,0.037615100904553646
2025-12-22,-0.00044834896960724004,0.0,0.0,-0.00044834896960724004,0.0,0.0,0.0371667519349464
2025-12-23,0.0,0.0,0.0,0.0,0.0,0.0,0.0371667519349464
2025-12-24,1.6947671809077283e-05,0.0,1.6947671809077283e-05,0.0,0.0,0.0,0.03718369960675548
2025-12-25,4.365768766560159e-05,0.0,4.365768766560159e-05,0.0,0.0,0.0,0.03722735729442108
2025-12-26,2.8013682918761025e-05,0.0,2.8013682918761025e-05,0.0,0.0,0.0,0.037255370977339844
2025-12-27,0.0,0.0,0.0,0.0,0.0,0.0,0.037255370977339844
2025-12-28,0.0,0.0,0.0,0.0,0.0,0.0,0.037255370977339844
2025-12-29,-0.0013746730459795466,0.0,0.0,0.0,-0.0013746730459795466,0.0,0.0358806979313603
2025-12-30,-0.001621236024742463,0.0,0.0,0.0,-0.001621236024742463,0.0,0.034259461906617834
2025-12-31,-0.001621236024742463,0.0,0.0,0.0,-0.001621236024742463,0.0,0.03263822588187537
2026-01-01,-0.001134865217319724,0.0,0.0,0.0,-0.001134865217319724,0.0,0.03150336066455565
2026-01-02,0.0001889225188129386,0.0,0.0001889225188129386,0.0,0.0,0.0,0.031692283183368586
2026-01-03,0.0038110227075997625,0.0,0.0006700700174646099,0.0,0.0,0.0031409526901351524,0.03550330589096835
2026-01-04,0.011124289861567197,0.0,0.0006700700174646099,0.005411887766293647,0.0,0.00504233207780894,0.04662759575253554
2026-01-05,0.017295875726138547,0.0,0.00012517280187359725,0.012272627375532051,0.0,0.004898075548732899,0.06392347147867408
2026-01-06,0.008883680000867028,0.0,0.0,0.004461848539453607,0.0,0.0044218314614134216,0.07280715147954112
2026-01-07,0.005346455439078251,0.0,0.0017222661436184547,0.0006953478118484468,0.0,0.0029288414836113495,0.07815360691861936
2026-01-08,0.004091923075064071,0.00031150251188708064,0.0030706823080098975,1.95461890704157e-05,0.0003130290650720858,0.000377163001024592,0.08224552999368344
2026-01-09,0.0013773075451814117,0.0006519820016241222,-3.526782149131244e-05,2.3396934548128518e-05,0.0003600334294758814,0.000377163001024592,0.08362283753886485
2026-01-10,0.001276442847458501,0.0006519820016241222,-3.8620276005695756e-05,-7.411530866039892e-05,0.0003600334294758814,0.000377163001024592,0.08489928038632334
2026-01-11,-0.0017809200710535787,0.0006519820016241222,-3.545555894411791e-05,-0.002872724193522534,0.0003600334294758814,0.00011524425031306979,0.08311836031526976
2026-01-12,-0.002569677469552452,0.0002607928006496489,0.0,-0.002872724193522534,4.2253923320433304e-05,0.0,0.08054868284571731
2026-01-13,-0.002248462771962366,0.000248107764265546,0.00026643155268091375,-0.002763002088908826,0.0,0.0,0.07830022007375495
2026-01-14,0.008032936488068288,0.002607848033156104,0.002886923819971519,0.002538164634940665,0.0,0.0,0.08633315656182323
2026-01-15,0.007446345512039263,0.0020844674209463026,0.0021501407674422066,0.003211737323650754,0.0,0.0,0.0937795020738625
2026-01-16,0.002959226481057661,0.0,0.0005972613242895019,0.002361965156768159,0.0,0.0,0.09673872855492016
2026-01-17,0.0005036375137809079,0.0,0.0,0.0005036375137809079,0.0,0.0,0.09724236606870107
2026-01-18,0.006261063210305393,0.0,-0.00027261264414962853,0.006533675854455022,0.0,0.0,0.10350342927900646
2026-01-19,-0.002767415561512731,0.0,-0.01033058440988066,0.006533675854455022,0.0,0.0010294929939129067,0.10073601371749373
2026-01-20,0.012861676794540419,0.0,0.004739072846586376,0.006533675854455022,0.0,0.00158892809349902,0.11359769051203415
2026-01-21,0.003267120824796017,0.0,0.0002593320343920232,0.0016152698640180471,0.0,0.0013925189263859466,0.11686481133683017
2026-01-22,0.001448067636500594,0.0,0.001448067636500594,0.0,0.0,0.0,0.11831287897333077
2026-01-23,0.001583543231781096,0.0,0.001583543231781096,0.0,0.0,0.0,0.11989642220511187
2026-01-24,0.0,0.0,0.0,0.0,0.0,0.0,0.11989642220511187
2026-01-25,0.0,0.0,0.0,0.0,0.0,0.0,0.11989642220511187
2026-01-26,0.0009622541660768343,0.0,0.0009622541660768343,0.0,0.0,0.0,0.1208586763711887
2026-01-27,-0.00041513553550947624,0.0,0.0011174564509279367,0.0,0.0,-0.001532591986437413,0.12044354083567922
2026-01-28,-0.007307723379039319,0.0,0.0,0.0,0.0,-0.007307723379039319,0.1131358174566399
2026-01-29,-0.007307723379039319,0.0,0.0,0.0,0.0,-0.007307723379039319,0.10582809407760059
2026-01-30,0.0013271391980028825,0.0,0.0,0.0,0.0,0.0013271391980028825,0.10715523327560347
2026-01-31,0.01482787321710615,0.0037018671851997936,0.004683200695373614,0.0,0.0,0.006442805336532744,0.12198310649270963
2026-02-01,0.020608648048623154,0.012368187347303255,0.007121918108171855,0.0,0.0,0.0011185425931480458,0.14259175454133277
2026-02-02,0.002971800570949254,0.002971800570949254,0.0,0.0,0.0,0.0,0.14556355511228203
2026-02-03,8.750713401490894e-05,0.0,8.750713401490894e-05,0.0,0.0,0.0,0.14565106224629693
2026-02-04,0.010491133066898526,0.0,0.010491133066898526,0.0,0.0,0.0,0.15614219531319545
2026-02-05,0.0,0.0,0.0,0.0,0.0,0.0,0.15614219531319545
2026-02-06,-0.0054268788903087265,-0.0054268788903087265,0.0,0.0,0.0,0.0,0.1507153164228867
2026-02-07,0.00032409718424275666,0.00032409718424275666,0.0,0.0,0.0,0.0,0.15103941360712947
2026-02-08,0.004067446953823915,0.004067446953823915,0.0,0.0,0.0,0.0,0.15510686056095338
2026-02-09,0.002844388251736585,0.002844388251736585,0.0,0.0,0.0,0.0,0.15795124881268996
2026-02-10,0.0,0.0,0.0,0.0,0.0,0.0,0.15795124881268996
2026-02-11,0.0,0.0,0.0,0.0,0.0,0.0,0.15795124881268996
2026-02-12,0.0,0.0,0.0,0.0,0.0,0.0,0.15795124881268996
2026-02-13,0.0,0.0,0.0,0.0,0.0,0.0,0.15795124881268996
2026-02-14,0.0,0.0,0.0,0.0,0.0,0.0,0.15795124881268996
2026-02-15,0.0,0.0,0.0,0.0,0.0,0.0,0.15795124881268996
2026-02-16,-0.0014685907148639847,-0.001381209654193995,0.0,0.0,0.0,-8.738106066998974e-05,0.15648265809782597
2026-02-17,-0.0036029611576855487,-0.0031470599715812545,0.0,0.0,0.0,-0.0004559011861042943,0.15287969694014042
2026-02-18,-0.0036029611576855487,-0.0031470599715812545,0.0,0.0,0.0,-0.0004559011861042943,0.14927673578245487
2026-02-19,-0.002514602917513698,-0.002058701731409404,0.0,0.0,0.0,-0.0004559011861042943,0.14676213286494116
2026-02-20,-0.0004559011861042943,0.0,0.0,0.0,0.0,-0.0004559011861042943,0.14630623167883686
2026-02-21,-8.643126653227245e-05,0.0,0.0,0.0,0.0,-8.643126653227245e-05,0.1462198004123046
2026-02-22,0.0,0.0,0.0,0.0,0.0,0.0,0.1462198004123046
2026-02-23,0.0,0.0,0.0,0.0,0.0,0.0,0.1462198004123046
2026-02-24,0.0,0.0,0.0,0.0,0.0,0.0,0.1462198004123046
