sharpe,sortino,calmar,max_drawdown,max_dd_duration,profit_factor,win_rate,payoff_ratio,expectancy,tail_ratio,time_in_market,skewness,kurtosis,total_return,n_trades,mean_return,std_return,t_stat,p_value,asset,timeframe,strategy,holding,grade
-0.2413,-0.3891,-0.3029,-0.6178,472,0.9664,0.4725,1.0788,-0.000295,1.1566,0.1666,0.302,1.2816,-0.3517,764,-0.000295,0.023378,-0.349,0.72719938,BTC,4h,EWMAC_8_32,1d,F
0.6073,1.0825,0.4217,-0.4642,124,1.1595,0.4843,1.2349,0.002418,1.1301,0.0554,0.548,1.4932,0.4536,254,0.002418,0.043865,0.8785,0.38051695,BTC,4h,EWMAC_8_32,3d,C
0.5947,0.943,0.4595,-0.3945,102,1.2479,0.4954,1.271,0.005072,1.2183,0.0238,0.1259,0.6612,0.417,109,0.005072,0.061555,0.8602,0.39157154,BTC,4h,EWMAC_8_32,1w,C
0.1581,0.2599,-0.0541,-0.5192,726,1.0227,0.4856,1.0833,0.000193,1.2033,0.1666,0.3507,1.2508,-0.0578,764,0.000193,0.023358,0.2287,0.81919751,BTC,4h,EWMAC_16_64,1d,D
0.4972,0.8788,0.2944,-0.4544,148,1.1288,0.4882,1.1835,0.001981,1.097,0.0554,0.5351,1.5139,0.3004,254,0.001981,0.043897,0.7192,0.47268854,BTC,4h,EWMAC_16_64,3d,D
0.717,1.2835,0.5826,-0.4263,60,1.3063,0.5138,1.2363,0.006103,1.274,0.0238,0.4356,0.514,0.5906,109,0.006103,0.061443,1.037,0.30203204,BTC,4h,EWMAC_16_64,1w,C
-0.7645,-1.2322,-0.4732,-0.754,726,0.8973,0.4647,1.0338,-0.000936,1.0075,0.1666,0.3854,1.3114,-0.6028,764,-0.000936,0.023389,-1.1058,0.26917595,BTC,4h,DualMom_63,1d,F
-0.5326,-0.7917,-0.4849,-0.647,249,0.878,0.4843,0.9351,-0.002126,0.8104,0.0554,-0.0228,1.644,-0.5451,254,-0.002126,0.043984,-0.7703,0.44181293,BTC,4h,DualMom_63,3d,F
0.8009,1.2184,0.6475,-0.4514,41,1.3483,0.5413,1.1426,0.006808,1.3058,0.0238,-0.1343,0.7893,0.7099,109,0.006808,0.061357,1.1584,0.24924856,BTC,4h,DualMom_63,1w,C
-0.3788,-0.6065,-0.3531,-0.6674,726,0.9477,0.4725,1.058,-0.000463,1.0401,0.1666,0.3055,1.2889,-0.43,764,-0.000463,0.023383,-0.5478,0.58395905,BTC,4h,DualMom_126,1d,F
-0.2708,-0.4432,-0.3327,-0.66,242,0.9361,0.4803,1.0128,-0.001081,0.9291,0.0554,0.361,1.6469,-0.4047,254,-0.001081,0.043998,-0.3917,0.69564611,BTC,4h,DualMom_126,3d,F
0.3287,0.5574,0.089,-0.5688,101,1.1302,0.4954,1.1511,0.002811,1.127,0.0238,0.3913,0.6054,0.1088,109,0.002811,0.061737,0.4754,0.63547692,BTC,4h,DualMom_126,1w,D
0.4192,0.7238,0.1121,-0.6023,719,1.0605,0.4804,1.1472,0.000739,1.1015,0.1666,0.6135,2.673,0.1465,764,0.000739,0.033684,0.6063,0.54450347,ETH,4h,EWMAC_8_32,1d,D
0.3009,0.5622,-0.049,-0.5461,142,1.0729,0.4843,1.1427,0.001715,1.2511,0.0554,0.4284,0.7613,-0.0551,254,0.001715,0.062817,0.4352,0.66375649,ETH,4h,EWMAC_8_32,3d,D
0.2591,0.4546,-0.1034,-0.6224,72,1.098,0.4679,1.2487,0.003553,1.1205,0.0238,0.3091,1.3316,-0.1299,109,0.003553,0.098986,0.3747,0.70859618,ETH,4h,EWMAC_8_32,1w,D
-0.3611,-0.605,-0.4586,-0.7739,719,0.9507,0.4607,1.1127,-0.000637,1.0557,0.1666,0.5787,2.7606,-0.6004,764,-0.000637,0.033727,-0.5223,0.60162625,ETH,4h,EWMAC_16_64,1d,F
-0.569,-0.9927,-0.5481,-0.8558,242,0.8753,0.4764,0.9621,-0.003245,1.0059,0.0554,0.3431,0.8836,-0.7341,254,-0.003245,0.062835,-0.823,0.41127937,ETH,4h,EWMAC_16_64,3d,F
0.5101,0.877,0.1744,-0.682,82,1.2024,0.5229,1.0969,0.006979,1.1205,0.0238,0.2173,1.3306,0.265,109,0.006979,0.098767,0.7378,0.46226324,ETH,4h,EWMAC_16_64,1w,C
0.4314,0.7433,0.1198,-0.6351,357,1.0624,0.4817,1.1432,0.00076,1.0862,0.1666,0.6283,2.6687,0.1658,764,0.00076,0.033683,0.6241,0.53277754,ETH,4h,DualMom_63,1d,D
0.4966,0.8925,0.1384,-0.8215,99,1.1233,0.5197,1.0382,0.002829,1.1885,0.0554,0.3307,0.7578,0.2528,254,0.002829,0.062758,0.7183,0.47321932,ETH,4h,DualMom_63,3d,D
0.3652,0.633,0.014,-0.661,87,1.1409,0.4862,1.2055,0.005004,1.1205,0.0238,0.2663,1.3282,0.0195,109,0.005004,0.098908,0.5282,0.59842577,ETH,4h,DualMom_63,1w,D
-0.332,-0.5291,-0.414,-0.8314,728,0.9546,0.4529,1.1532,-0.000586,1.0973,0.1666,0.101,2.7808,-0.5864,764,-0.000586,0.033727,-0.4802,0.63118986,ETH,4h,DualMom_126,1d,F
0.215,0.4073,-0.1214,-0.6897,242,1.0516,0.4843,1.1199,0.001226,1.5377,0.0554,0.3755,0.7812,-0.1672,254,0.001226,0.062836,0.3109,0.75612127,ETH,4h,DualMom_126,3d,D
0.9697,2.0264,0.8788,-0.6396,60,1.4193,0.4862,1.4996,0.013175,1.4774,0.0238,0.6463,1.0672,1.5424,109,0.013175,0.098063,1.4026,0.16359366,ETH,4h,DualMom_126,1w,C
-0.0441,-0.0728,-0.4121,-0.7174,721,0.994,0.4935,1.0204,-9.6e-05,1.138,0.1666,0.2042,1.0004,-0.5197,764,-9.6e-05,0.041632,-0.0638,0.94917212,SOL,4h,EWMAC_8_32,1d,F
-0.358,-0.5936,-0.5487,-0.8551,230,0.9208,0.5,0.9208,-0.00242,1.0622,0.0554,0.0514,0.069,-0.7342,254,-0.00242,0.074492,-0.5178,0.60504792,SOL,4h,EWMAC_8_32,3d,F
-0.5265,-0.742,-0.6168,-0.9095,103,0.8246,0.5321,0.7251,-0.008496,0.8649,0.0238,-0.3442,1.4631,-0.8213,109,-0.008496,0.11648,-0.7615,0.44800335,SOL,4h,EWMAC_8_32,1w,F
0.0595,0.0961,-0.3104,-0.7585,692,1.0082,0.4948,1.0295,0.00013,1.0747,0.1666,0.1346,1.0041,-0.4297,764,0.00013,0.041627,0.0861,0.93144717,SOL,4h,EWMAC_16_64,1d,D
-0.0086,-0.0137,-0.3632,-0.8067,230,0.998,0.5118,0.952,-5.8e-05,1.0361,0.0554,-0.0639,0.0682,-0.5158,254,-5.8e-05,0.0745,-0.0124,0.99010802,SOL,4h,EWMAC_16_64,3d,F
0.0318,0.045,-0.351,-0.8365,84,1.0117,0.5413,0.8574,0.000514,1.03,0.0238,-0.3706,1.5591,-0.5167,109,0.000514,0.116714,0.046,0.96343014,SOL,4h,EWMAC_16_64,1w,D
-0.4538,-0.7646,-0.5793,-0.8487,692,0.9399,0.4751,1.0383,-0.000989,1.1208,0.1666,0.2967,1.0169,-0.7572,764,-0.000989,0.041642,-0.6564,0.51174503,SOL,4h,DualMom_63,1d,F
-0.3825,-0.618,-0.5268,-0.9118,230,0.9157,0.4803,0.9907,-0.002586,0.9511,0.0554,0.0025,0.0653,-0.7457,254,-0.002586,0.074489,-0.5532,0.58058418,SOL,4h,DualMom_63,3d,F
-0.1997,-0.2788,-0.4688,-0.8977,84,0.9295,0.5596,0.7314,-0.003229,0.9674,0.0238,-0.3994,1.5097,-0.6811,109,-0.003229,0.116702,-0.2888,0.77325524,SOL,4h,DualMom_63,1w,F
0.0049,0.0079,-0.3589,-0.7464,692,1.0007,0.5026,0.9902,1.1e-05,1.0327,0.1666,0.1602,1.0028,-0.4792,764,1.1e-05,0.04163,0.007,0.99438996,SOL,4h,DualMom_126,1d,D
0.1797,0.2949,-0.2546,-0.6799,230,1.0422,0.4961,1.0588,0.001215,1.0919,0.0554,0.0004,0.0651,-0.3281,254,0.001215,0.074473,0.2599,0.79514546,SOL,4h,DualMom_126,3d,D
1.2373,2.6394,1.8782,-0.5371,39,1.5737,0.5596,1.2384,0.019689,1.3979,0.0238,0.6824,1.1499,3.3029,109,0.019689,0.114858,1.7897,0.07630097,SOL,4h,DualMom_126,1w,C
-0.035,-0.0522,-0.2449,-0.5991,723,0.995,0.4699,1.1225,-5.1e-05,1.1556,0.1666,-0.1885,3.684,-0.2825,764,-5.1e-05,0.027644,-0.0506,0.95964195,BNB,4h,EWMAC_8_32,1d,F
0.0579,0.0932,-0.1688,-0.6697,241,1.0147,0.4961,1.0308,0.000265,1.1107,0.0554,0.4251,1.3747,-0.222,254,0.000265,0.050394,0.0837,0.93335504,BNB,4h,EWMAC_8_32,3d,D
0.7936,1.3729,0.8357,-0.389,85,1.3308,0.5138,1.2595,0.008033,1.3622,0.0238,0.2243,0.634,0.802,109,0.008033,0.073067,1.1479,0.2535604,BNB,4h,EWMAC_8_32,1w,C
0.0488,0.0874,-0.1661,-0.6366,723,1.007,0.4529,1.2165,7.1e-05,1.2101,0.1666,0.8176,3.5337,-0.2084,764,7.1e-05,0.027639,0.0706,0.94373533,BNB,4h,EWMAC_16_64,1d,D
-0.1627,-0.2481,-0.2859,-0.7566,241,0.9598,0.5039,0.9448,-0.000744,1.0867,0.0554,0.2717,1.4102,-0.3994,254,-0.000744,0.050409,-0.2353,0.81413336,BNB,4h,EWMAC_16_64,3d,F
0.4408,0.7466,0.1848,-0.5412,85,1.172,0.5046,1.1507,0.004484,1.2253,0.0238,0.2154,0.6661,0.2207,109,0.004484,0.073422,0.6376,0.5251035,BNB,4h,EWMAC_16_64,1w,D
-0.7501,-1.2001,-0.4784,-0.8677,723,0.8988,0.4346,1.1695,-0.001086,1.0737,0.1666,0.2123,3.6521,-0.6744,764,-0.001086,0.02766,-1.085,0.2782716,BNB,4h,DualMom_63,1d,F
-0.3814,-0.5706,-0.3732,-0.8215,241,0.9084,0.4606,1.0637,-0.001745,1.0794,0.0554,0.1656,1.4261,-0.5352,254,-0.001745,0.050405,-0.5517,0.58166559,BNB,4h,DualMom_63,3d,F
0.0002,0.0003,-0.1693,-0.7699,103,1.0001,0.4771,1.0962,2e-06,1.0251,0.0238,0.2203,0.7107,-0.2534,109,2e-06,0.073622,0.0002,0.99982395,BNB,4h,DualMom_63,1w,D
-1.098,-1.7256,-0.5752,-0.9093,722,0.8545,0.4613,0.9977,-0.001629,1.0249,0.1664,0.3564,1.8539,-0.7875,763,-0.001629,0.028325,-1.5881,0.11266884,BNB,4h,DualMom_126,1d,F
-0.4821,-0.7306,-0.3943,-0.8735,236,0.8857,0.4449,1.1052,-0.002205,1.1313,0.0554,0.1613,1.4328,-0.5866,254,-0.002205,0.050396,-0.6973,0.48624862,BNB,4h,DualMom_126,3d,F
0.4222,0.8169,0.1172,-0.7787,99,1.1641,0.4954,1.1857,0.004296,1.3622,0.0238,0.4898,0.5882,0.2006,109,0.004296,0.073436,0.6107,0.54267886,BNB,4h,DualMom_126,1w,D
-0.4905,-0.7912,-0.6395,-0.8601,541,0.9357,0.4764,1.0282,-0.001161,1.0029,0.1666,0.0823,0.6433,-0.8119,764,-0.001161,0.045229,-0.7094,0.47828332,AVAX,4h,EWMAC_8_32,1d,F
-0.0382,-0.0672,-0.4306,-0.7867,182,0.9914,0.4843,1.0559,-0.000275,1.1022,0.0554,0.133,-0.244,-0.5791,254,-0.000275,0.07922,-0.0553,0.95593297,AVAX,4h,EWMAC_8_32,3d,F
0.2918,0.4485,-0.1894,-0.6606,62,1.111,0.5046,1.0908,0.004873,1.1092,0.0238,-0.1501,0.6585,-0.244,109,0.004873,0.120527,0.4221,0.67377306,AVAX,4h,EWMAC_8_32,1w,D
-0.0749,-0.1261,-0.4443,-0.7969,460,0.9899,0.4791,1.0764,-0.000177,1.1263,0.1666,0.1917,0.6286,-0.5992,764,-0.000177,0.045221,-0.1084,0.91371307,AVAX,4h,EWMAC_16_64,1d,F
0.4599,0.8392,0.0341,-0.7314,120,1.1097,0.4921,1.1453,0.003302,1.143,0.0554,0.1754,-0.2787,0.0528,254,0.003302,0.079106,0.6652,0.50654082,AVAX,4h,EWMAC_16_64,3d,D
0.1327,0.1949,-0.2908,-0.8359,89,1.049,0.4771,1.1499,0.002218,0.971,0.0238,-0.283,0.6573,-0.4416,109,0.002218,0.120628,0.192,0.84810319,AVAX,4h,EWMAC_16_64,1w,D
0.1565,0.2673,-0.2813,-0.7469,691,1.0214,0.4817,1.0992,0.00037,1.1329,0.1666,0.2413,0.614,-0.3895,764,0.00037,0.045208,0.2264,0.82093063,AVAX,4h,DualMom_63,1d,D
0.438,0.7533,0.0035,-0.7922,127,1.1043,0.4921,1.1396,0.003145,1.1015,0.0554,0.0455,-0.25,0.0058,254,0.003145,0.079114,0.6335,0.52698761,AVAX,4h,DualMom_63,3d,D
1.1819,1.894,1.4654,-0.6116,37,1.5326,0.5596,1.206,0.01947,1.3042,0.0238,-0.117,0.7468,2.8144,109,0.01947,0.118906,1.7095,0.09022142,AVAX,4h,DualMom_63,1w,C
-0.0018,-0.0031,-0.4148,-0.751,691,0.9998,0.4764,1.0986,-4e-06,1.1557,0.1666,0.2211,0.6233,-0.542,764,-4e-06,0.045218,-0.0026,0.99793093,AVAX,4h,DualMom_126,1d,F
0.0945,0.166,-0.3308,-0.7774,230,1.0216,0.4843,1.0881,0.000679,1.0961,0.0554,0.116,-0.2492,-0.4632,254,0.000679,0.079205,0.1367,0.89141146,AVAX,4h,DualMom_126,3d,D
0.1542,0.2286,-0.3143,-0.7254,85,1.0572,0.5229,0.9645,0.002577,1.0388,0.0238,-0.2605,0.6582,-0.4181,109,0.002577,0.120618,0.2231,0.82390354,AVAX,4h,DualMom_126,1w,D
0.7695,1.2155,0.488,-0.5899,179,1.1233,0.5199,1.0375,0.002293,1.3051,0.1664,0.513,4.4827,0.4686,554,0.002293,0.056907,0.9484,0.34331939,FTM,4h,EWMAC_8_32,1d,C
0.138,0.2002,-0.4564,-0.8856,93,1.0348,0.4783,1.1288,0.001303,0.9719,0.0553,-0.1597,2.1073,-0.5446,184,0.001303,0.103862,0.1701,0.86510294,FTM,4h,EWMAC_8_32,3d,D
1.9523,4.1508,8.1231,-0.4213,15,2.1027,0.6076,1.358,0.038007,1.801,0.0237,0.7604,1.3582,8.5678,79,0.038007,0.140392,2.4062,0.01848607,FTM,4h,EWMAC_8_32,1w,C
0.3856,0.5804,-0.2008,-0.7685,296,1.0601,0.5307,0.9375,0.00115,1.1554,0.1664,0.4227,4.52,-0.2248,554,0.00115,0.056961,0.4752,0.63479918,FTM,4h,EWMAC_16_64,1d,D
-0.5723,-0.7971,-0.7747,-0.9539,93,0.8677,0.4783,0.9466,-0.005397,0.9016,0.0553,-0.2428,2.0573,-0.87,184,-0.005397,0.103794,-0.7053,0.48151278,FTM,4h,EWMAC_16_64,3d,F
1.3501,2.8684,3.4409,-0.4213,20,1.6675,0.557,1.3264,0.026784,1.7733,0.0237,0.8119,1.4048,2.9004,79,0.026784,0.14307,1.664,0.10013048,FTM,4h,EWMAC_16_64,1w,C
1.0707,1.7033,1.221,-0.6462,296,1.1757,0.5235,1.0703,0.003187,1.32,0.1664,0.5599,4.4556,1.4194,554,0.003187,0.056848,1.3197,0.18748245,FTM,4h,DualMom_63,1d,C
0.5115,0.7198,-0.0977,-0.8898,89,1.1352,0.5163,1.0635,0.00482,0.9719,0.0553,-0.2546,2.1616,-0.129,184,0.00482,0.103723,0.6304,0.52922095,FTM,4h,DualMom_63,3d,C
2.3181,5.2046,10.7482,-0.4869,27,2.4253,0.6203,1.4849,0.044488,1.83,0.0237,0.7864,1.3091,15.1139,79,0.044488,0.138402,2.857,0.00547972,FTM,4h,DualMom_63,1w,C
1.0805,1.5539,1.4119,-0.5617,255,1.1777,0.556,0.9407,0.003216,1.1454,0.1664,0.2054,4.5604,1.4279,554,0.003216,0.056845,1.3317,0.18352108,FTM,4h,DualMom_126,1d,C
0.6349,0.8797,0.0683,-0.7726,98,1.1706,0.5489,0.962,0.00598,0.9719,0.0553,-0.2544,2.1789,0.0813,184,0.00598,0.103651,0.7826,0.43489511,FTM,4h,DualMom_126,3d,C
1.1817,1.9547,1.3176,-0.7662,27,1.5642,0.5823,1.1222,0.023542,1.5564,0.0237,0.3431,1.7687,1.8868,79,0.023542,0.143669,1.4565,0.14927922,FTM,4h,DualMom_126,1w,C
-0.3067,-0.478,-0.6489,-0.9096,387,0.9579,0.4732,1.0664,-0.000894,0.999,0.1664,0.1363,1.4885,-0.7339,541,-0.000894,0.055671,-0.3736,0.70883546,ARB,4h,EWMAC_8_32,1d,F
-0.7721,-1.2932,-0.7889,-0.9282,131,0.8356,0.4722,0.9339,-0.006507,0.8989,0.0554,0.2385,0.3351,-0.8585,180,-0.006507,0.092817,-0.9406,0.34818338,ARB,4h,EWMAC_8_32,3d,F
0.5169,0.8745,0.1006,-0.5737,75,1.2035,0.4935,1.2351,0.009166,1.2559,0.0237,0.1094,0.1729,0.0868,77,0.009166,0.127742,0.6296,0.53082801,ARB,4h,EWMAC_8_32,1w,C
-0.2522,-0.426,-0.6635,-0.8477,363,0.9653,0.4529,1.1662,-0.000735,0.9914,0.1664,0.4768,1.4805,-0.7067,541,-0.000735,0.05567,-0.3072,0.75881039,ARB,4h,EWMAC_16_64,1d,F
0.0426,0.0733,-0.4897,-0.7747,147,1.01,0.5056,0.9878,0.000359,1.017,0.0554,0.2274,0.2632,-0.5074,180,0.000359,0.092971,0.0519,0.95868933,ARB,4h,EWMAC_16_64,3d,D
1.6636,3.8659,4.884,-0.4137,16,1.8176,0.5455,1.5147,0.028775,1.8644,0.0237,0.5245,-0.2683,4.1569,77,0.028775,0.124597,2.0265,0.04622257,ARB,4h,EWMAC_16_64,1w,C
-0.1293,-0.1978,-0.5579,-0.8919,299,0.9817,0.4935,1.0075,-0.000372,0.9879,0.1664,0.1221,2.4927,-0.64,541,-0.000372,0.054976,-0.1575,0.87488421,ARB,4h,DualMom_63,1d,F
0.3934,0.6247,-0.136,-0.842,105,1.0962,0.55,0.8969,0.003297,1.1441,0.0554,-0.0833,0.4396,-0.1651,180,0.003297,0.092301,0.4793,0.63234214,ARB,4h,DualMom_63,3d,D
1.9757,5.0315,5.8626,-0.5014,28,2.0347,0.5455,1.6956,0.033809,1.9472,0.0237,0.5526,-0.3755,6.6486,77,0.033809,0.123268,2.4068,0.01852348,ARB,4h,DualMom_63,1w,C
0.1338,0.2293,-0.5014,-0.6765,527,1.0189,0.4732,1.1344,0.00039,1.0626,0.1664,0.4969,1.4417,-0.4592,541,0.00039,0.055653,0.163,0.87057089,ARB,4h,DualMom_126,1d,D
0.1167,0.2037,-0.4282,-0.7695,100,1.0275,0.5111,0.9828,0.000985,1.017,0.0554,0.25,0.2552,-0.4474,180,0.000985,0.09296,0.1422,0.8871085,ARB,4h,DualMom_126,3d,D
0.9673,1.7381,1.095,-0.5549,43,1.4149,0.5455,1.1791,0.017036,1.5185,0.0237,0.1914,0.105,1.0227,77,0.017036,0.126858,1.1784,0.24232011,ARB,4h,DualMom_126,1w,C
-0.3821,-0.6364,-0.8416,-0.6989,294,0.9482,0.4628,1.1004,-0.001053,1.0401,0.1666,0.3692,2.1184,-0.513,296,-0.001053,0.052669,-0.344,0.73106598,RENDER,4h,EWMAC_8_32,1d,F
-0.2925,-0.6363,-0.8704,-0.7224,97,0.9268,0.4082,1.3439,-0.002895,0.9549,0.0551,2.1813,11.1146,-0.5523,98,-0.002895,0.108797,-0.2634,0.79279383,RENDER,4h,EWMAC_8_32,3d,F
1.3781,2.6963,2.4661,-0.6045,22,1.7216,0.5238,1.5651,0.026471,1.3833,0.0236,0.8716,2.2091,1.0958,42,0.026471,0.138246,1.2409,0.22168886,RENDER,4h,EWMAC_8_32,1w,C
0.6266,1.0083,0.2933,-0.4653,230,1.0913,0.4932,1.1212,0.001725,1.0454,0.1666,0.2164,2.0834,0.1093,296,0.001725,0.052598,0.5642,0.5730262,RENDER,4h,EWMAC_16_64,1d,C
1.0932,2.363,2.0793,-0.457,34,1.3297,0.5204,1.2254,0.010757,1.1086,0.0551,1.9801,10.3532,0.7187,98,0.010757,0.10817,0.9844,0.32735367,RENDER,4h,EWMAC_16_64,3d,C
-0.1446,-0.2687,-0.7211,-0.6439,32,0.9449,0.4286,1.2599,-0.002833,1.1332,0.0236,1.0741,2.7428,-0.3972,42,-0.002833,0.141002,-0.1302,0.89702151,RENDER,4h,EWMAC_16_64,1w,F
0.0199,0.0332,-0.6292,-0.6076,257,1.0028,0.4561,1.1959,5.5e-05,1.0156,0.1666,0.341,2.0912,-0.3234,296,5.5e-05,0.052659,0.0179,0.98570164,RENDER,4h,DualMom_63,1d,D
0.481,0.9538,-0.0989,-0.6833,63,1.1333,0.4796,1.2298,0.004755,1.0716,0.0551,1.8978,10.6132,-0.0551,98,0.004755,0.10866,0.4332,0.66585168,RENDER,4h,DualMom_63,3d,D
0.9338,1.7372,1.1949,-0.5096,26,1.4435,0.5238,1.3123,0.018123,1.1351,0.0236,0.9248,2.2776,0.4705,42,0.018123,0.13968,0.8408,0.4053159,RENDER,4h,DualMom_63,1w,C
0.301,0.4687,-0.3704,-0.497,231,1.0429,0.4899,1.086,0.000829,1.0695,0.1666,0.042,2.1161,-0.1521,296,0.000829,0.052637,0.2711,0.78653113,RENDER,4h,DualMom_126,1d,D
-0.8163,-0.9738,-1.0,-0.8515,76,0.8086,0.4388,1.0342,-0.008062,1.07,0.0551,-1.8293,10.5706,-0.787,98,-0.008062,0.108582,-0.735,0.46410361,RENDER,4h,DualMom_126,3d,F
-0.8384,-1.0104,-1.0325,-0.7412,20,0.7189,0.5238,0.6535,-0.016328,0.9069,0.0236,-0.8656,2.3686,-0.6912,42,-0.016328,0.140159,-0.755,0.45456867,RENDER,4h,DualMom_126,1w,F
-1.3119,-1.878,-0.9521,-0.9323,427,0.8252,0.4767,0.9057,-0.004152,0.7374,0.1664,0.3272,3.9513,-0.9241,430,-0.004152,0.060435,-1.4246,0.15500225,TIA,4h,EWMAC_8_32,1d,F
0.0326,0.0521,-0.7011,-0.6154,142,1.0076,0.5455,0.8397,0.000294,0.8325,0.0553,0.0407,0.6987,-0.4861,143,0.000294,0.099127,0.0354,0.97179949,TIA,4h,EWMAC_8_32,3d,D
-0.0495,-0.093,-0.4408,-0.808,60,0.9831,0.4262,1.3234,-0.00086,1.2081,0.0236,0.2941,-0.4124,-0.405,61,-0.00086,0.124946,-0.0538,0.95729706,TIA,4h,EWMAC_8_32,1w,F
-0.2177,-0.3271,-0.7364,-0.8139,427,0.9687,0.4907,1.0054,-0.00069,0.9185,0.1664,0.442,3.853,-0.6598,430,-0.00069,0.060516,-0.2364,0.81327183,TIA,4h,EWMAC_16_64,1d,F
0.1705,0.269,-0.4633,-0.7301,142,1.0406,0.5455,0.8671,0.001534,1.0858,0.0553,0.0281,0.6986,-0.3855,143,0.001534,0.099103,0.1852,0.85337144,TIA,4h,EWMAC_16_64,3d,D
0.4963,0.9141,0.0758,-0.6985,55,1.1862,0.5082,1.1479,0.008596,1.2339,0.0236,0.1335,-0.4574,0.0627,61,0.008596,0.124571,0.539,0.5919126,TIA,4h,EWMAC_16_64,1w,D
-1.3108,-1.7996,-0.9533,-0.9339,427,0.8272,0.4698,0.9336,-0.004158,0.9185,0.1664,-0.3124,3.6907,-0.9262,430,-0.004158,0.060576,-1.4234,0.15534604,TIA,4h,DualMom_63,1d,F
-0.7342,-0.9972,-0.88,-0.8663,142,0.8425,0.5315,0.7427,-0.006598,0.7404,0.0553,-0.598,0.5693,-0.8163,143,-0.006598,0.098976,-0.7972,0.42666944,TIA,4h,DualMom_63,3d,F
-0.2657,-0.4277,-0.6614,-0.724,56,0.9126,0.4918,0.943,-0.004613,0.7195,0.0236,-0.1078,-0.4244,-0.5363,61,-0.004613,0.124893,-0.2885,0.77395749,TIA,4h,DualMom_63,1w,F
-0.9567,-1.4128,-0.9062,-0.9161,399,0.8693,0.4791,0.9453,-0.00303,0.8366,0.1664,0.4042,3.9249,-0.8764,430,-0.00303,0.060483,-1.0388,0.29948398,TIA,4h,DualMom_126,1d,F
-1.2034,-1.9309,-0.9318,-0.9152,131,0.7554,0.4545,0.9065,-0.01078,0.8577,0.0553,0.2061,0.7968,-0.8955,143,-0.01078,0.098649,-1.3067,0.19341625,TIA,4h,DualMom_126,3d,F
0.3523,0.6263,-0.1226,-0.6376,60,1.1289,0.541,0.9579,0.00611,1.2081,0.0236,0.0681,-0.4294,-0.0915,61,0.00611,0.124741,0.3825,0.70341933,TIA,4h,DualMom_126,1w,D
-0.6455,-1.0377,-0.7329,-0.9578,762,0.914,0.4673,1.042,-0.001835,1.0226,0.1666,0.1942,1.4497,-0.9205,764,-0.001835,0.054322,-0.9337,0.35074037,INJ,4h,EWMAC_8_32,1d,F
-0.8898,-1.5314,-0.7919,-0.9649,253,0.8158,0.4409,1.0344,-0.007507,0.9767,0.0554,0.2388,0.096,-0.9513,254,-0.007507,0.092958,-1.2871,0.19923357,INJ,4h,EWMAC_8_32,3d,F
-0.3906,-0.5594,-0.6632,-0.9446,107,0.8686,0.4679,0.9879,-0.007669,1.0328,0.0238,-0.4685,1.3751,-0.8726,109,-0.007669,0.141703,-0.565,0.57324698,INJ,4h,EWMAC_8_32,1w,F
-0.1707,-0.2842,-0.5692,-0.896,692,0.9765,0.4817,1.0508,-0.000485,1.093,0.1666,0.3074,1.4257,-0.7752,764,-0.000485,0.054326,-0.2469,0.80501659,INJ,4h,EWMAC_16_64,1d,F
-0.245,-0.4554,-0.5938,-0.9073,230,0.9455,0.4409,1.1988,-0.002072,1.1355,0.0554,0.3615,0.0453,-0.8019,254,-0.002072,0.09318,-0.3544,0.72337146,INJ,4h,EWMAC_16_64,3d,F
-0.7547,-1.1376,-0.766,-0.9658,99,0.7618,0.422,1.0433,-0.014762,1.0011,0.0238,-0.1854,1.4128,-0.9402,109,-0.014762,0.141186,-1.0916,0.27741972,INJ,4h,EWMAC_16_64,1w,F
-1.194,-1.8887,-0.8547,-0.9845,691,0.8469,0.4613,0.9888,-0.003483,1.0064,0.1664,0.1667,1.4122,-0.9788,763,-0.003483,0.055705,-1.7271,0.08455564,INJ,4h,DualMom_63,1d,F
-0.6251,-1.0236,-0.7434,-0.9362,253,0.8672,0.4291,1.1536,-0.005319,0.9547,0.0554,0.0393,0.0148,-0.9172,254,-0.005319,0.09375,-0.9042,0.36674053,INJ,4h,DualMom_63,3d,F
-0.1553,-0.2345,-0.5646,-0.9142,107,0.9456,0.4587,1.1158,-0.003051,1.2612,0.0238,-0.2397,1.4438,-0.7811,109,-0.003051,0.141847,-0.2246,0.82273519,INJ,4h,DualMom_63,1w,F
-0.6597,-1.0289,-0.7463,-0.9472,762,0.9122,0.4738,1.013,-0.001875,1.0241,0.1666,0.1051,1.4446,-0.9232,764,-0.001875,0.054321,-0.9542,0.34028727,INJ,4h,DualMom_126,1d,F
-0.4127,-0.683,-0.6617,-0.9311,241,0.9099,0.4764,1.0001,-0.003489,0.9898,0.0554,0.0691,0.0361,-0.8651,254,-0.003489,0.093153,-0.5969,0.55110359,INJ,4h,DualMom_126,3d,F
-0.372,-0.5782,-0.6595,-0.9274,91,0.8747,0.4037,1.2921,-0.007303,1.1392,0.0238,-0.1174,1.442,-0.8618,109,-0.007303,0.14172,-0.538,0.59166579,INJ,4h,DualMom_126,1w,F
